,Pokedex Number,Name,Type1,Type2,PNG Link
0,1,Bulbasaur,Grass,Poison,https://img.pokemondb.net/sprites/omega-ruby-alpha-sapphire/dex/normal/bulbasaur.png
1,2,Ivysaur,Grass,Poison,https://img.pokemondb.net/sprites/omega-ruby-alpha-sapphire/dex/normal/ivysaur.png
2,3,Venusaur,Grass,Poison,https://img.pokemondb.net/sprites/omega-ruby-alpha-sapphire/dex/normal/venusaur.png
3,4,Charmander,Fire,,https://img.pokemondb.net/sprites/omega-ruby-alpha-sapphire/dex/normal/charmander.png
4,5,Charmeleon,Fire,,https://img.pokemondb.net/sprites/omega-ruby-alpha-sapphire/dex/normal/charmeleon.png
5,6,Charizard,Fire,Flying,https://img.pokemondb.net/sprites/omega-ruby-alpha-sapphire/dex/normal/charizard.png
6,7,Squirtle,Water,,https://img.pokemondb.net/sprites/omega-ruby-alpha-sapphire/dex/normal/squirtle.png
7,8,Wartortle,Water,,https://img.pokemondb.net/sprites/omega-ruby-alpha-sapphire/dex/normal/wartortle.png
8,9,Blastoise,Water,,https://img.pokemondb.net/sprites/omega-ruby-alpha-sapphire/dex/normal/blastoise.png
9,10,Caterpie,Bug,,https://img.pokemondb.net/sprites/omega-ruby-alpha-sapphire/dex/normal/caterpie.png
10,11,Metapod,Bug,,https://img.pokemondb.net/sprites/omega-ruby-alpha-sapphire/dex/normal/metapod.png
11,12,Butterfree,Bug,Flying,https://img.pokemondb.net/sprites/omega-ruby-alpha-sapphire/dex/normal/butterfree.png
12,13,Weedle,Bug,Poison,https://img.pokemondb.net/sprites/omega-ruby-alpha-sapphire/dex/normal/weedle.png
13,14,Kakuna,Bug,Poison,https://img.pokemondb.net/sprites/omega-ruby-alpha-sapphire/dex/normal/kakuna.png
14,15,Beedrill,Bug,Poison,https://img.pokemondb.net/sprites/omega-ruby-alpha-sapphire/dex/normal/beedrill.png
15,16,Pidgey,Normal,Flying,https://img.pokemondb.net/sprites/omega-ruby-alpha-sapphire/dex/normal/pidgey.png
16,17,Pidgeotto,Normal,Flying,https://img.pokemondb.net/sprites/omega-ruby-alpha-sapphire/dex/normal/pidgeotto.png
17,18,Pidgeot,Normal,Flying,https://img.pokemondb.net/sprites/omega-ruby-alpha-sapphire/dex/normal/pidgeot.png
18,19,Rattata,Normal,,https://img.pokemondb.net/sprites/omega-ruby-alpha-sapphire/dex/normal/rattata.png
19,20,Raticate,Normal,,https://img.pokemondb.net/sprites/omega-ruby-alpha-sapphire/dex/normal/raticate.png
20,21,Spearow,Normal,Flying,https://img.pokemondb.net/sprites/omega-ruby-alpha-sapphire/dex/normal/spearow.png
21,22,Fearow,Normal,Flying,https://img.pokemondb.net/sprites/omega-ruby-alpha-sapphire/dex/normal/fearow.png
22,23,Ekans,Poison,,https://img.pokemondb.net/sprites/omega-ruby-alpha-sapphire/dex/normal/ekans.png
23,24,Arbok,Poison,,https://img.pokemondb.net/sprites/omega-ruby-alpha-sapphire/dex/normal/arbok.png
24,25,Pikachu,Electric,,https://img.pokemondb.net/sprites/omega-ruby-alpha-sapphire/dex/normal/pikachu.png
25,26,Raichu,Electric,,https://img.pokemondb.net/sprites/omega-ruby-alpha-sapphire/dex/normal/raichu.png
26,27,Sandshrew,Ground,,https://img.pokemondb.net/sprites/omega-ruby-alpha-sapphire/dex/normal/sandshrew.png
27,28,Sandslash,Ground,,https://img.pokemondb.net/sprites/omega-ruby-alpha-sapphire/dex/normal/sandslash.png
28,29,Nidoran♀,Poison,,https://img.pokemondb.net/sprites/omega-ruby-alpha-sapphire/dex/normal/nidoran-f.png
29,30,Nidorina,Poison,,https://img.pokemondb.net/sprites/omega-ruby-alpha-sapphire/dex/normal/nidorina.png
30,31,Nidoqueen,Poison,Ground,https://img.pokemondb.net/sprites/omega-ruby-alpha-sapphire/dex/normal/nidoqueen.png
31,32,Nidoran♂,Poison,,https://img.pokemondb.net/sprites/omega-ruby-alpha-sapphire/dex/normal/nidoran-m.png
32,33,Nidorino,Poison,,https://img.pokemondb.net/sprites/omega-ruby-alpha-sapphire/dex/normal/nidorino.png
33,34,Nidoking,Poison,Ground,https://img.pokemondb.net/sprites/omega-ruby-alpha-sapphire/dex/normal/nidoking.png
34,35,Clefairy,Fairy,,https://img.pokemondb.net/sprites/omega-ruby-alpha-sapphire/dex/normal/clefairy.png
35,36,Clefable,Fairy,,https://img.pokemondb.net/sprites/omega-ruby-alpha-sapphire/dex/normal/clefable.png
36,37,Vulpix,Fire,,https://img.pokemondb.net/sprites/omega-ruby-alpha-sapphire/dex/normal/vulpix.png
37,38,Ninetales,Fire,,https://img.pokemondb.net/sprites/omega-ruby-alpha-sapphire/dex/normal/ninetales.png
38,39,Jigglypuff,Normal,Fairy,https://img.pokemondb.net/sprites/omega-ruby-alpha-sapphire/dex/normal/jigglypuff.png
39,40,Wigglytuff,Normal,Fairy,https://img.pokemondb.net/sprites/omega-ruby-alpha-sapphire/dex/normal/wigglytuff.png
40,41,Zubat,Poison,Flying,https://img.pokemondb.net/sprites/omega-ruby-alpha-sapphire/dex/normal/zubat.png
41,42,Golbat,Poison,Flying,https://img.pokemondb.net/sprites/omega-ruby-alpha-sapphire/dex/normal/golbat.png
42,43,Oddish,Grass,Poison,https://img.pokemondb.net/sprites/omega-ruby-alpha-sapphire/dex/normal/oddish.png
43,44,Gloom,Grass,Poison,https://img.pokemondb.net/sprites/omega-ruby-alpha-sapphire/dex/normal/gloom.png
44,45,Vileplume,Grass,Poison,https://img.pokemondb.net/sprites/omega-ruby-alpha-sapphire/dex/normal/vileplume.png
45,46,Paras,Bug,Grass,https://img.pokemondb.net/sprites/omega-ruby-alpha-sapphire/dex/normal/paras.png
46,47,Parasect,Bug,Grass,https://img.pokemondb.net/sprites/omega-ruby-alpha-sapphire/dex/normal/parasect.png
47,48,Venonat,Bug,Poison,https://img.pokemondb.net/sprites/omega-ruby-alpha-sapphire/dex/normal/venonat.png
48,49,Venomoth,Bug,Poison,https://img.pokemondb.net/sprites/omega-ruby-alpha-sapphire/dex/normal/venomoth.png
49,50,Diglett,Ground,,https://img.pokemondb.net/sprites/omega-ruby-alpha-sapphire/dex/normal/diglett.png
50,51,Dugtrio,Ground,,https://img.pokemondb.net/sprites/omega-ruby-alpha-sapphire/dex/normal/dugtrio.png
51,52,Meowth,Normal,,https://img.pokemondb.net/sprites/omega-ruby-alpha-sapphire/dex/normal/meowth.png
52,53,Persian,Normal,,https://img.pokemondb.net/sprites/omega-ruby-alpha-sapphire/dex/normal/persian.png
53,54,Psyduck,Water,,https://img.pokemondb.net/sprites/omega-ruby-alpha-sapphire/dex/normal/psyduck.png
54,55,Golduck,Water,,https://img.pokemondb.net/sprites/omega-ruby-alpha-sapphire/dex/normal/golduck.png
55,56,Mankey,Fighting,,https://img.pokemondb.net/sprites/omega-ruby-alpha-sapphire/dex/normal/mankey.png
56,57,Primeape,Fighting,,https://img.pokemondb.net/sprites/omega-ruby-alpha-sapphire/dex/normal/primeape.png
57,58,Growlithe,Fire,,https://img.pokemondb.net/sprites/omega-ruby-alpha-sapphire/dex/normal/growlithe.png
58,59,Arcanine,Fire,,https://img.pokemondb.net/sprites/omega-ruby-alpha-sapphire/dex/normal/arcanine.png
59,60,Poliwag,Water,,https://img.pokemondb.net/sprites/omega-ruby-alpha-sapphire/dex/normal/poliwag.png
60,61,Poliwhirl,Water,,https://img.pokemondb.net/sprites/omega-ruby-alpha-sapphire/dex/normal/poliwhirl.png
61,62,Poliwrath,Water,Fighting,https://img.pokemondb.net/sprites/omega-ruby-alpha-sapphire/dex/normal/poliwrath.png
62,63,Abra,Psychic,,https://img.pokemondb.net/sprites/omega-ruby-alpha-sapphire/dex/normal/abra.png
63,64,Kadabra,Psychic,,https://img.pokemondb.net/sprites/omega-ruby-alpha-sapphire/dex/normal/kadabra.png
64,65,Alakazam,Psychic,,https://img.pokemondb.net/sprites/omega-ruby-alpha-sapphire/dex/normal/alakazam.png
65,66,Machop,Fighting,,https://img.pokemondb.net/sprites/omega-ruby-alpha-sapphire/dex/normal/machop.png
66,67,Machoke,Fighting,,https://img.pokemondb.net/sprites/omega-ruby-alpha-sapphire/dex/normal/machoke.png
67,68,Machamp,Fighting,,https://img.pokemondb.net/sprites/omega-ruby-alpha-sapphire/dex/normal/machamp.png
68,69,Bellsprout,Grass,Poison,https://img.pokemondb.net/sprites/omega-ruby-alpha-sapphire/dex/normal/bellsprout.png
69,70,Weepinbell,Grass,Poison,https://img.pokemondb.net/sprites/omega-ruby-alpha-sapphire/dex/normal/weepinbell.png
70,71,Victreebel,Grass,Poison,https://img.pokemondb.net/sprites/omega-ruby-alpha-sapphire/dex/normal/victreebel.png
71,72,Tentacool,Water,Poison,https://img.pokemondb.net/sprites/omega-ruby-alpha-sapphire/dex/normal/tentacool.png
72,73,Tentacruel,Water,Poison,https://img.pokemondb.net/sprites/omega-ruby-alpha-sapphire/dex/normal/tentacruel.png
73,74,Geodude,Rock,Ground,https://img.pokemondb.net/sprites/omega-ruby-alpha-sapphire/dex/normal/geodude.png
74,75,Graveler,Rock,Ground,https://img.pokemondb.net/sprites/omega-ruby-alpha-sapphire/dex/normal/graveler.png
75,76,Golem,Rock,Ground,https://img.pokemondb.net/sprites/omega-ruby-alpha-sapphire/dex/normal/golem.png
76,77,Ponyta,Fire,,https://img.pokemondb.net/sprites/omega-ruby-alpha-sapphire/dex/normal/ponyta.png
77,78,Rapidash,Fire,,https://img.pokemondb.net/sprites/omega-ruby-alpha-sapphire/dex/normal/rapidash.png
78,79,Slowpoke,Water,Psychic,https://img.pokemondb.net/sprites/omega-ruby-alpha-sapphire/dex/normal/slowpoke.png
79,80,Slowbro,Water,Psychic,https://img.pokemondb.net/sprites/omega-ruby-alpha-sapphire/dex/normal/slowbro.png
80,81,Magnemite,Electric,Steel,https://img.pokemondb.net/sprites/omega-ruby-alpha-sapphire/dex/normal/magnemite.png
81,82,Magneton,Electric,Steel,https://img.pokemondb.net/sprites/omega-ruby-alpha-sapphire/dex/normal/magneton.png
82,83,Farfetch'd,Normal,Flying,https://img.pokemondb.net/sprites/omega-ruby-alpha-sapphire/dex/normal/farfetchd.png
83,84,Doduo,Normal,Flying,https://img.pokemondb.net/sprites/omega-ruby-alpha-sapphire/dex/normal/doduo.png
84,85,Dodrio,Normal,Flying,https://img.pokemondb.net/sprites/omega-ruby-alpha-sapphire/dex/normal/dodrio.png
85,86,Seel,Water,,https://img.pokemondb.net/sprites/omega-ruby-alpha-sapphire/dex/normal/seel.png
86,87,Dewgong,Water,Ice,https://img.pokemondb.net/sprites/omega-ruby-alpha-sapphire/dex/normal/dewgong.png
87,88,Grimer,Poison,,https://img.pokemondb.net/sprites/omega-ruby-alpha-sapphire/dex/normal/grimer.png
88,89,Muk,Poison,,https://img.pokemondb.net/sprites/omega-ruby-alpha-sapphire/dex/normal/muk.png
89,90,Shellder,Water,,https://img.pokemondb.net/sprites/omega-ruby-alpha-sapphire/dex/normal/shellder.png
90,91,Cloyster,Water,Ice,https://img.pokemondb.net/sprites/omega-ruby-alpha-sapphire/dex/normal/cloyster.png
91,92,Gastly,Ghost,Poison,https://img.pokemondb.net/sprites/omega-ruby-alpha-sapphire/dex/normal/gastly.png
92,93,Haunter,Ghost,Poison,https://img.pokemondb.net/sprites/omega-ruby-alpha-sapphire/dex/normal/haunter.png
93,94,Gengar,Ghost,Poison,https://img.pokemondb.net/sprites/omega-ruby-alpha-sapphire/dex/normal/gengar.png
94,95,Onix,Rock,Ground,https://img.pokemondb.net/sprites/omega-ruby-alpha-sapphire/dex/normal/onix.png
95,96,Drowzee,Psychic,,https://img.pokemondb.net/sprites/omega-ruby-alpha-sapphire/dex/normal/drowzee.png
96,97,Hypno,Psychic,,https://img.pokemondb.net/sprites/omega-ruby-alpha-sapphire/dex/normal/hypno.png
97,98,Krabby,Water,,https://img.pokemondb.net/sprites/omega-ruby-alpha-sapphire/dex/normal/krabby.png
98,99,Kingler,Water,,https://img.pokemondb.net/sprites/omega-ruby-alpha-sapphire/dex/normal/kingler.png
99,100,Voltorb,Electric,,https://img.pokemondb.net/sprites/omega-ruby-alpha-sapphire/dex/normal/voltorb.png
100,101,Electrode,Electric,,https://img.pokemondb.net/sprites/omega-ruby-alpha-sapphire/dex/normal/electrode.png
101,102,Exeggcute,Grass,Psychic,https://img.pokemondb.net/sprites/omega-ruby-alpha-sapphire/dex/normal/exeggcute.png
102,103,Exeggutor,Grass,Psychic,https://img.pokemondb.net/sprites/omega-ruby-alpha-sapphire/dex/normal/exeggutor.png
103,104,Cubone,Ground,,https://img.pokemondb.net/sprites/omega-ruby-alpha-sapphire/dex/normal/cubone.png
104,105,Marowak,Ground,,https://img.pokemondb.net/sprites/omega-ruby-alpha-sapphire/dex/normal/marowak.png
105,106,Hitmonlee,Fighting,,https://img.pokemondb.net/sprites/omega-ruby-alpha-sapphire/dex/normal/hitmonlee.png
106,107,Hitmonchan,Fighting,,https://img.pokemondb.net/sprites/omega-ruby-alpha-sapphire/dex/normal/hitmonchan.png
107,108,Lickitung,Normal,,https://img.pokemondb.net/sprites/omega-ruby-alpha-sapphire/dex/normal/lickitung.png
108,109,Koffing,Poison,,https://img.pokemondb.net/sprites/omega-ruby-alpha-sapphire/dex/normal/koffing.png
109,110,Weezing,Poison,,https://img.pokemondb.net/sprites/omega-ruby-alpha-sapphire/dex/normal/weezing.png
110,111,Rhyhorn,Ground,Rock,https://img.pokemondb.net/sprites/omega-ruby-alpha-sapphire/dex/normal/rhyhorn.png
111,112,Rhydon,Ground,Rock,https://img.pokemondb.net/sprites/omega-ruby-alpha-sapphire/dex/normal/rhydon.png
112,113,Chansey,Normal,,https://img.pokemondb.net/sprites/omega-ruby-alpha-sapphire/dex/normal/chansey.png
113,114,Tangela,Grass,,https://img.pokemondb.net/sprites/omega-ruby-alpha-sapphire/dex/normal/tangela.png
114,115,Kangaskhan,Normal,,https://img.pokemondb.net/sprites/omega-ruby-alpha-sapphire/dex/normal/kangaskhan.png
115,116,Horsea,Water,,https://img.pokemondb.net/sprites/omega-ruby-alpha-sapphire/dex/normal/horsea.png
116,117,Seadra,Water,,https://img.pokemondb.net/sprites/omega-ruby-alpha-sapphire/dex/normal/seadra.png
117,118,Goldeen,Water,,https://img.pokemondb.net/sprites/omega-ruby-alpha-sapphire/dex/normal/goldeen.png
118,119,Seaking,Water,,https://img.pokemondb.net/sprites/omega-ruby-alpha-sapphire/dex/normal/seaking.png
119,120,Staryu,Water,,https://img.pokemondb.net/sprites/omega-ruby-alpha-sapphire/dex/normal/staryu.png
120,121,Starmie,Water,Psychic,https://img.pokemondb.net/sprites/omega-ruby-alpha-sapphire/dex/normal/starmie.png
121,122,Mr. Mime,Psychic,Fairy,https://img.pokemondb.net/sprites/omega-ruby-alpha-sapphire/dex/normal/mr-mime.png
122,123,Scyther,Bug,Flying,https://img.pokemondb.net/sprites/omega-ruby-alpha-sapphire/dex/normal/scyther.png
123,124,Jynx,Ice,Psychic,https://img.pokemondb.net/sprites/omega-ruby-alpha-sapphire/dex/normal/jynx.png
124,125,Electabuzz,Electric,,https://img.pokemondb.net/sprites/omega-ruby-alpha-sapphire/dex/normal/electabuzz.png
125,126,Magmar,Fire,,https://img.pokemondb.net/sprites/omega-ruby-alpha-sapphire/dex/normal/magmar.png
126,127,Pinsir,Bug,,https://img.pokemondb.net/sprites/omega-ruby-alpha-sapphire/dex/normal/pinsir.png
127,128,Tauros,Normal,,https://img.pokemondb.net/sprites/omega-ruby-alpha-sapphire/dex/normal/tauros.png
128,129,Magikarp,Water,,https://img.pokemondb.net/sprites/omega-ruby-alpha-sapphire/dex/normal/magikarp.png
129,130,Gyarados,Water,Flying,https://img.pokemondb.net/sprites/omega-ruby-alpha-sapphire/dex/normal/gyarados.png
130,131,Lapras,Water,Ice,https://img.pokemondb.net/sprites/omega-ruby-alpha-sapphire/dex/normal/lapras.png
131,132,Ditto,Normal,,https://img.pokemondb.net/sprites/omega-ruby-alpha-sapphire/dex/normal/ditto.png
132,133,Eevee,Normal,,https://img.pokemondb.net/sprites/omega-ruby-alpha-sapphire/dex/normal/eevee.png
133,134,Vaporeon,Water,,https://img.pokemondb.net/sprites/omega-ruby-alpha-sapphire/dex/normal/vaporeon.png
134,135,Jolteon,Electric,,https://img.pokemondb.net/sprites/omega-ruby-alpha-sapphire/dex/normal/jolteon.png
135,136,Flareon,Fire,,https://img.pokemondb.net/sprites/omega-ruby-alpha-sapphire/dex/normal/flareon.png
136,137,Porygon,Normal,,https://img.pokemondb.net/sprites/omega-ruby-alpha-sapphire/dex/normal/porygon.png
137,138,Omanyte,Rock,Water,https://img.pokemondb.net/sprites/omega-ruby-alpha-sapphire/dex/normal/omanyte.png
138,139,Omastar,Rock,Water,https://img.pokemondb.net/sprites/omega-ruby-alpha-sapphire/dex/normal/omastar.png
139,140,Kabuto,Rock,Water,https://img.pokemondb.net/sprites/omega-ruby-alpha-sapphire/dex/normal/kabuto.png
140,141,Kabutops,Rock,Water,https://img.pokemondb.net/sprites/omega-ruby-alpha-sapphire/dex/normal/kabutops.png
141,142,Aerodactyl,Rock,Flying,https://img.pokemondb.net/sprites/omega-ruby-alpha-sapphire/dex/normal/aerodactyl.png
142,143,Snorlax,Normal,,https://img.pokemondb.net/sprites/omega-ruby-alpha-sapphire/dex/normal/snorlax.png
143,144,Articuno,Ice,Flying,https://img.pokemondb.net/sprites/omega-ruby-alpha-sapphire/dex/normal/articuno.png
144,145,Zapdos,Electric,Flying,https://img.pokemondb.net/sprites/omega-ruby-alpha-sapphire/dex/normal/zapdos.png
145,146,Moltres,Fire,Flying,https://img.pokemondb.net/sprites/omega-ruby-alpha-sapphire/dex/normal/moltres.png
146,147,Dratini,Dragon,,https://img.pokemondb.net/sprites/omega-ruby-alpha-sapphire/dex/normal/dratini.png
147,148,Dragonair,Dragon,,https://img.pokemondb.net/sprites/omega-ruby-alpha-sapphire/dex/normal/dragonair.png
148,149,Dragonite,Dragon,Flying,https://img.pokemondb.net/sprites/omega-ruby-alpha-sapphire/dex/normal/dragonite.png
149,150,Mewtwo,Psychic,,https://img.pokemondb.net/sprites/omega-ruby-alpha-sapphire/dex/normal/mewtwo.png
150,151,Mew,Psychic,,https://img.pokemondb.net/sprites/omega-ruby-alpha-sapphire/dex/normal/mew.png
151,152,Chikorita,Grass,,https://img.pokemondb.net/sprites/omega-ruby-alpha-sapphire/dex/normal/chikorita.png
152,153,Bayleef,Grass,,https://img.pokemondb.net/sprites/omega-ruby-alpha-sapphire/dex/normal/bayleef.png
153,154,Meganium,Grass,,https://img.pokemondb.net/sprites/omega-ruby-alpha-sapphire/dex/normal/meganium.png
154,155,Cyndaquil,Fire,,https://img.pokemondb.net/sprites/omega-ruby-alpha-sapphire/dex/normal/cyndaquil.png
155,156,Quilava,Fire,,https://img.pokemondb.net/sprites/omega-ruby-alpha-sapphire/dex/normal/quilava.png
156,157,Typhlosion,Fire,,https://img.pokemondb.net/sprites/omega-ruby-alpha-sapphire/dex/normal/typhlosion.png
157,158,Totodile,Water,,https://img.pokemondb.net/sprites/omega-ruby-alpha-sapphire/dex/normal/totodile.png
158,159,Croconaw,Water,,https://img.pokemondb.net/sprites/omega-ruby-alpha-sapphire/dex/normal/croconaw.png
159,160,Feraligatr,Water,,https://img.pokemondb.net/sprites/omega-ruby-alpha-sapphire/dex/normal/feraligatr.png
160,161,Sentret,Normal,,https://img.pokemondb.net/sprites/omega-ruby-alpha-sapphire/dex/normal/sentret.png
161,162,Furret,Normal,,https://img.pokemondb.net/sprites/omega-ruby-alpha-sapphire/dex/normal/furret.png
162,163,Hoothoot,Normal,Flying,https://img.pokemondb.net/sprites/omega-ruby-alpha-sapphire/dex/normal/hoothoot.png
163,164,Noctowl,Normal,Flying,https://img.pokemondb.net/sprites/omega-ruby-alpha-sapphire/dex/normal/noctowl.png
164,165,Ledyba,Bug,Flying,https://img.pokemondb.net/sprites/omega-ruby-alpha-sapphire/dex/normal/ledyba.png
165,166,Ledian,Bug,Flying,https://img.pokemondb.net/sprites/omega-ruby-alpha-sapphire/dex/normal/ledian.png
166,167,Spinarak,Bug,Poison,https://img.pokemondb.net/sprites/omega-ruby-alpha-sapphire/dex/normal/spinarak.png
167,168,Ariados,Bug,Poison,https://img.pokemondb.net/sprites/omega-ruby-alpha-sapphire/dex/normal/ariados.png
168,169,Crobat,Poison,Flying,https://img.pokemondb.net/sprites/omega-ruby-alpha-sapphire/dex/normal/crobat.png
169,170,Chinchou,Water,Electric,https://img.pokemondb.net/sprites/omega-ruby-alpha-sapphire/dex/normal/chinchou.png
170,171,Lanturn,Water,Electric,https://img.pokemondb.net/sprites/omega-ruby-alpha-sapphire/dex/normal/lanturn.png
171,172,Pichu,Electric,,https://img.pokemondb.net/sprites/omega-ruby-alpha-sapphire/dex/normal/pichu.png
172,173,Cleffa,Fairy,,https://img.pokemondb.net/sprites/omega-ruby-alpha-sapphire/dex/normal/cleffa.png
173,174,Igglybuff,Normal,Fairy,https://img.pokemondb.net/sprites/omega-ruby-alpha-sapphire/dex/normal/igglybuff.png
174,175,Togepi,Fairy,,https://img.pokemondb.net/sprites/omega-ruby-alpha-sapphire/dex/normal/togepi.png
175,176,Togetic,Fairy,Flying,https://img.pokemondb.net/sprites/omega-ruby-alpha-sapphire/dex/normal/togetic.png
176,177,Natu,Psychic,Flying,https://img.pokemondb.net/sprites/omega-ruby-alpha-sapphire/dex/normal/natu.png
177,178,Xatu,Psychic,Flying,https://img.pokemondb.net/sprites/omega-ruby-alpha-sapphire/dex/normal/xatu.png
178,179,Mareep,Electric,,https://img.pokemondb.net/sprites/omega-ruby-alpha-sapphire/dex/normal/mareep.png
179,180,Flaaffy,Electric,,https://img.pokemondb.net/sprites/omega-ruby-alpha-sapphire/dex/normal/flaaffy.png
180,181,Ampharos,Electric,,https://img.pokemondb.net/sprites/omega-ruby-alpha-sapphire/dex/normal/ampharos.png
181,182,Bellossom,Grass,,https://img.pokemondb.net/sprites/omega-ruby-alpha-sapphire/dex/normal/bellossom.png
182,183,Marill,Water,Fairy,https://img.pokemondb.net/sprites/omega-ruby-alpha-sapphire/dex/normal/marill.png
183,184,Azumarill,Water,Fairy,https://img.pokemondb.net/sprites/omega-ruby-alpha-sapphire/dex/normal/azumarill.png
184,185,Sudowoodo,Rock,,https://img.pokemondb.net/sprites/omega-ruby-alpha-sapphire/dex/normal/sudowoodo.png
185,186,Politoed,Water,,https://img.pokemondb.net/sprites/omega-ruby-alpha-sapphire/dex/normal/politoed.png
186,187,Hoppip,Grass,Flying,https://img.pokemondb.net/sprites/omega-ruby-alpha-sapphire/dex/normal/hoppip.png
187,188,Skiploom,Grass,Flying,https://img.pokemondb.net/sprites/omega-ruby-alpha-sapphire/dex/normal/skiploom.png
188,189,Jumpluff,Grass,Flying,https://img.pokemondb.net/sprites/omega-ruby-alpha-sapphire/dex/normal/jumpluff.png
189,190,Aipom,Normal,,https://img.pokemondb.net/sprites/omega-ruby-alpha-sapphire/dex/normal/aipom.png
190,191,Sunkern,Grass,,https://img.pokemondb.net/sprites/omega-ruby-alpha-sapphire/dex/normal/sunkern.png
191,192,Sunflora,Grass,,https://img.pokemondb.net/sprites/omega-ruby-alpha-sapphire/dex/normal/sunflora.png
192,193,Yanma,Bug,Flying,https://img.pokemondb.net/sprites/omega-ruby-alpha-sapphire/dex/normal/yanma.png
193,194,Wooper,Water,Ground,https://img.pokemondb.net/sprites/omega-ruby-alpha-sapphire/dex/normal/wooper.png
194,195,Quagsire,Water,Ground,https://img.pokemondb.net/sprites/omega-ruby-alpha-sapphire/dex/normal/quagsire.png
195,196,Espeon,Psychic,,https://img.pokemondb.net/sprites/omega-ruby-alpha-sapphire/dex/normal/espeon.png
196,197,Umbreon,Dark,,https://img.pokemondb.net/sprites/omega-ruby-alpha-sapphire/dex/normal/umbreon.png
197,198,Murkrow,Dark,Flying,https://img.pokemondb.net/sprites/omega-ruby-alpha-sapphire/dex/normal/murkrow.png
198,199,Slowking,Water,Psychic,https://img.pokemondb.net/sprites/omega-ruby-alpha-sapphire/dex/normal/slowking.png
199,200,Misdreavus,Ghost,,https://img.pokemondb.net/sprites/omega-ruby-alpha-sapphire/dex/normal/misdreavus.png
200,201,Unown,Psychic,,https://img.pokemondb.net/sprites/omega-ruby-alpha-sapphire/dex/normal/unown.png
201,202,Wobbuffet,Psychic,,https://img.pokemondb.net/sprites/omega-ruby-alpha-sapphire/dex/normal/wobbuffet.png
202,203,Girafarig,Normal,Psychic,https://img.pokemondb.net/sprites/omega-ruby-alpha-sapphire/dex/normal/girafarig.png
203,204,Pineco,Bug,,https://img.pokemondb.net/sprites/omega-ruby-alpha-sapphire/dex/normal/pineco.png
204,205,Forretress,Bug,Steel,https://img.pokemondb.net/sprites/omega-ruby-alpha-sapphire/dex/normal/forretress.png
205,206,Dunsparce,Normal,,https://img.pokemondb.net/sprites/omega-ruby-alpha-sapphire/dex/normal/dunsparce.png
206,207,Gligar,Ground,Flying,https://img.pokemondb.net/sprites/omega-ruby-alpha-sapphire/dex/normal/gligar.png
207,208,Steelix,Steel,Ground,https://img.pokemondb.net/sprites/omega-ruby-alpha-sapphire/dex/normal/steelix.png
208,209,Snubbull,Fairy,,https://img.pokemondb.net/sprites/omega-ruby-alpha-sapphire/dex/normal/snubbull.png
209,210,Granbull,Fairy,,https://img.pokemondb.net/sprites/omega-ruby-alpha-sapphire/dex/normal/granbull.png
210,211,Qwilfish,Water,Poison,https://img.pokemondb.net/sprites/omega-ruby-alpha-sapphire/dex/normal/qwilfish.png
211,212,Scizor,Bug,Steel,https://img.pokemondb.net/sprites/omega-ruby-alpha-sapphire/dex/normal/scizor.png
212,213,Shuckle,Bug,Rock,https://img.pokemondb.net/sprites/omega-ruby-alpha-sapphire/dex/normal/shuckle.png
213,214,Heracross,Bug,Fighting,https://img.pokemondb.net/sprites/omega-ruby-alpha-sapphire/dex/normal/heracross.png
214,215,Sneasel,Dark,Ice,https://img.pokemondb.net/sprites/omega-ruby-alpha-sapphire/dex/normal/sneasel.png
215,216,Teddiursa,Normal,,https://img.pokemondb.net/sprites/omega-ruby-alpha-sapphire/dex/normal/teddiursa.png
216,217,Ursaring,Normal,,https://img.pokemondb.net/sprites/omega-ruby-alpha-sapphire/dex/normal/ursaring.png
217,218,Slugma,Fire,,https://img.pokemondb.net/sprites/omega-ruby-alpha-sapphire/dex/normal/slugma.png
218,219,Magcargo,Fire,Rock,https://img.pokemondb.net/sprites/omega-ruby-alpha-sapphire/dex/normal/magcargo.png
219,220,Swinub,Ice,Ground,https://img.pokemondb.net/sprites/omega-ruby-alpha-sapphire/dex/normal/swinub.png
220,221,Piloswine,Ice,Ground,https://img.pokemondb.net/sprites/omega-ruby-alpha-sapphire/dex/normal/piloswine.png
221,222,Corsola,Water,Rock,https://img.pokemondb.net/sprites/omega-ruby-alpha-sapphire/dex/normal/corsola.png
222,223,Remoraid,Water,,https://img.pokemondb.net/sprites/omega-ruby-alpha-sapphire/dex/normal/remoraid.png
223,224,Octillery,Water,,https://img.pokemondb.net/sprites/omega-ruby-alpha-sapphire/dex/normal/octillery.png
224,225,Delibird,Ice,Flying,https://img.pokemondb.net/sprites/omega-ruby-alpha-sapphire/dex/normal/delibird.png
225,226,Mantine,Water,Flying,https://img.pokemondb.net/sprites/omega-ruby-alpha-sapphire/dex/normal/mantine.png
226,227,Skarmory,Steel,Flying,https://img.pokemondb.net/sprites/omega-ruby-alpha-sapphire/dex/normal/skarmory.png
227,228,Houndour,Dark,Fire,https://img.pokemondb.net/sprites/omega-ruby-alpha-sapphire/dex/normal/houndour.png
228,229,Houndoom,Dark,Fire,https://img.pokemondb.net/sprites/omega-ruby-alpha-sapphire/dex/normal/houndoom.png
229,230,Kingdra,Water,Dragon,https://img.pokemondb.net/sprites/omega-ruby-alpha-sapphire/dex/normal/kingdra.png
230,231,Phanpy,Ground,,https://img.pokemondb.net/sprites/omega-ruby-alpha-sapphire/dex/normal/phanpy.png
231,232,Donphan,Ground,,https://img.pokemondb.net/sprites/omega-ruby-alpha-sapphire/dex/normal/donphan.png
232,233,Porygon2,Normal,,https://img.pokemondb.net/sprites/omega-ruby-alpha-sapphire/dex/normal/porygon2.png
233,234,Stantler,Normal,,https://img.pokemondb.net/sprites/omega-ruby-alpha-sapphire/dex/normal/stantler.png
234,235,Smeargle,Normal,,https://img.pokemondb.net/sprites/omega-ruby-alpha-sapphire/dex/normal/smeargle.png
235,236,Tyrogue,Fighting,,https://img.pokemondb.net/sprites/omega-ruby-alpha-sapphire/dex/normal/tyrogue.png
236,237,Hitmontop,Fighting,,https://img.pokemondb.net/sprites/omega-ruby-alpha-sapphire/dex/normal/hitmontop.png
237,238,Smoochum,Ice,Psychic,https://img.pokemondb.net/sprites/omega-ruby-alpha-sapphire/dex/normal/smoochum.png
238,239,Elekid,Electric,,https://img.pokemondb.net/sprites/omega-ruby-alpha-sapphire/dex/normal/elekid.png
239,240,Magby,Fire,,https://img.pokemondb.net/sprites/omega-ruby-alpha-sapphire/dex/normal/magby.png
240,241,Miltank,Normal,,https://img.pokemondb.net/sprites/omega-ruby-alpha-sapphire/dex/normal/miltank.png
241,242,Blissey,Normal,,https://img.pokemondb.net/sprites/omega-ruby-alpha-sapphire/dex/normal/blissey.png
242,243,Raikou,Electric,,https://img.pokemondb.net/sprites/omega-ruby-alpha-sapphire/dex/normal/raikou.png
243,244,Entei,Fire,,https://img.pokemondb.net/sprites/omega-ruby-alpha-sapphire/dex/normal/entei.png
244,245,Suicune,Water,,https://img.pokemondb.net/sprites/omega-ruby-alpha-sapphire/dex/normal/suicune.png
245,246,Larvitar,Rock,Ground,https://img.pokemondb.net/sprites/omega-ruby-alpha-sapphire/dex/normal/larvitar.png
246,247,Pupitar,Rock,Ground,https://img.pokemondb.net/sprites/omega-ruby-alpha-sapphire/dex/normal/pupitar.png
247,248,Tyranitar,Rock,Dark,https://img.pokemondb.net/sprites/omega-ruby-alpha-sapphire/dex/normal/tyranitar.png
248,249,Lugia,Psychic,Flying,https://img.pokemondb.net/sprites/omega-ruby-alpha-sapphire/dex/normal/lugia.png
249,250,Ho-oh,Fire,Flying,https://img.pokemondb.net/sprites/omega-ruby-alpha-sapphire/dex/normal/ho-oh.png
250,251,Celebi,Psychic,Grass,https://img.pokemondb.net/sprites/omega-ruby-alpha-sapphire/dex/normal/celebi.png
251,252,Treecko,Grass,,https://img.pokemondb.net/sprites/omega-ruby-alpha-sapphire/dex/normal/treecko.png
252,253,Grovyle,Grass,,https://img.pokemondb.net/sprites/omega-ruby-alpha-sapphire/dex/normal/grovyle.png
253,254,Sceptile,Grass,,https://img.pokemondb.net/sprites/omega-ruby-alpha-sapphire/dex/normal/sceptile.png
254,255,Torchic,Fire,,https://img.pokemondb.net/sprites/omega-ruby-alpha-sapphire/dex/normal/torchic.png
255,256,Combusken,Fire,Fighting,https://img.pokemondb.net/sprites/omega-ruby-alpha-sapphire/dex/normal/combusken.png
256,257,Blaziken,Fire,Fighting,https://img.pokemondb.net/sprites/omega-ruby-alpha-sapphire/dex/normal/blaziken.png
257,258,Mudkip,Water,,https://img.pokemondb.net/sprites/omega-ruby-alpha-sapphire/dex/normal/mudkip.png
258,259,Marshtomp,Water,Ground,https://img.pokemondb.net/sprites/omega-ruby-alpha-sapphire/dex/normal/marshtomp.png
259,260,Swampert,Water,Ground,https://img.pokemondb.net/sprites/omega-ruby-alpha-sapphire/dex/normal/swampert.png
260,261,Poochyena,Dark,,https://img.pokemondb.net/sprites/omega-ruby-alpha-sapphire/dex/normal/poochyena.png
261,262,Mightyena,Dark,,https://img.pokemondb.net/sprites/omega-ruby-alpha-sapphire/dex/normal/mightyena.png
262,263,Zigzagoon,Normal,,https://img.pokemondb.net/sprites/omega-ruby-alpha-sapphire/dex/normal/zigzagoon.png
263,264,Linoone,Normal,,https://img.pokemondb.net/sprites/omega-ruby-alpha-sapphire/dex/normal/linoone.png
264,265,Wurmple,Bug,,https://img.pokemondb.net/sprites/omega-ruby-alpha-sapphire/dex/normal/wurmple.png
265,266,Silcoon,Bug,,https://img.pokemondb.net/sprites/omega-ruby-alpha-sapphire/dex/normal/silcoon.png
266,267,Beautifly,Bug,Flying,https://img.pokemondb.net/sprites/omega-ruby-alpha-sapphire/dex/normal/beautifly.png
267,268,Cascoon,Bug,,https://img.pokemondb.net/sprites/omega-ruby-alpha-sapphire/dex/normal/cascoon.png
268,269,Dustox,Bug,Poison,https://img.pokemondb.net/sprites/omega-ruby-alpha-sapphire/dex/normal/dustox.png
269,270,Lotad,Water,Grass,https://img.pokemondb.net/sprites/omega-ruby-alpha-sapphire/dex/normal/lotad.png
270,271,Lombre,Water,Grass,https://img.pokemondb.net/sprites/omega-ruby-alpha-sapphire/dex/normal/lombre.png
271,272,Ludicolo,Water,Grass,https://img.pokemondb.net/sprites/omega-ruby-alpha-sapphire/dex/normal/ludicolo.png
272,273,Seedot,Grass,,https://img.pokemondb.net/sprites/omega-ruby-alpha-sapphire/dex/normal/seedot.png
273,274,Nuzleaf,Grass,Dark,https://img.pokemondb.net/sprites/omega-ruby-alpha-sapphire/dex/normal/nuzleaf.png
274,275,Shiftry,Grass,Dark,https://img.pokemondb.net/sprites/omega-ruby-alpha-sapphire/dex/normal/shiftry.png
275,276,Taillow,Normal,Flying,https://img.pokemondb.net/sprites/omega-ruby-alpha-sapphire/dex/normal/taillow.png
276,277,Swellow,Normal,Flying,https://img.pokemondb.net/sprites/omega-ruby-alpha-sapphire/dex/normal/swellow.png
277,278,Wingull,Water,Flying,https://img.pokemondb.net/sprites/omega-ruby-alpha-sapphire/dex/normal/wingull.png
278,279,Pelipper,Water,Flying,https://img.pokemondb.net/sprites/omega-ruby-alpha-sapphire/dex/normal/pelipper.png
279,280,Ralts,Psychic,Fairy,https://img.pokemondb.net/sprites/omega-ruby-alpha-sapphire/dex/normal/ralts.png
280,281,Kirlia,Psychic,Fairy,https://img.pokemondb.net/sprites/omega-ruby-alpha-sapphire/dex/normal/kirlia.png
281,282,Gardevoir,Psychic,Fairy,https://img.pokemondb.net/sprites/omega-ruby-alpha-sapphire/dex/normal/gardevoir.png
282,283,Surskit,Bug,Water,https://img.pokemondb.net/sprites/omega-ruby-alpha-sapphire/dex/normal/surskit.png
283,284,Masquerain,Bug,Flying,https://img.pokemondb.net/sprites/omega-ruby-alpha-sapphire/dex/normal/masquerain.png
284,285,Shroomish,Grass,,https://img.pokemondb.net/sprites/omega-ruby-alpha-sapphire/dex/normal/shroomish.png
285,286,Breloom,Grass,Fighting,https://img.pokemondb.net/sprites/omega-ruby-alpha-sapphire/dex/normal/breloom.png
286,287,Slakoth,Normal,,https://img.pokemondb.net/sprites/omega-ruby-alpha-sapphire/dex/normal/slakoth.png
287,288,Vigoroth,Normal,,https://img.pokemondb.net/sprites/omega-ruby-alpha-sapphire/dex/normal/vigoroth.png
288,289,Slaking,Normal,,https://img.pokemondb.net/sprites/omega-ruby-alpha-sapphire/dex/normal/slaking.png
289,290,Nincada,Bug,Ground,https://img.pokemondb.net/sprites/omega-ruby-alpha-sapphire/dex/normal/nincada.png
290,291,Ninjask,Bug,Flying,https://img.pokemondb.net/sprites/omega-ruby-alpha-sapphire/dex/normal/ninjask.png
291,292,Shedinja,Bug,Ghost,https://img.pokemondb.net/sprites/omega-ruby-alpha-sapphire/dex/normal/shedinja.png
292,293,Whismur,Normal,,https://img.pokemondb.net/sprites/omega-ruby-alpha-sapphire/dex/normal/whismur.png
293,294,Loudred,Normal,,https://img.pokemondb.net/sprites/omega-ruby-alpha-sapphire/dex/normal/loudred.png
294,295,Exploud,Normal,,https://img.pokemondb.net/sprites/omega-ruby-alpha-sapphire/dex/normal/exploud.png
295,296,Makuhita,Fighting,,https://img.pokemondb.net/sprites/omega-ruby-alpha-sapphire/dex/normal/makuhita.png
296,297,Hariyama,Fighting,,https://img.pokemondb.net/sprites/omega-ruby-alpha-sapphire/dex/normal/hariyama.png
297,298,Azurill,Normal,Fairy,https://img.pokemondb.net/sprites/omega-ruby-alpha-sapphire/dex/normal/azurill.png
298,299,Nosepass,Rock,,https://img.pokemondb.net/sprites/omega-ruby-alpha-sapphire/dex/normal/nosepass.png
299,300,Skitty,Normal,,https://img.pokemondb.net/sprites/omega-ruby-alpha-sapphire/dex/normal/skitty.png
300,301,Delcatty,Normal,,https://img.pokemondb.net/sprites/omega-ruby-alpha-sapphire/dex/normal/delcatty.png
301,302,Sableye,Dark,Ghost,https://img.pokemondb.net/sprites/omega-ruby-alpha-sapphire/dex/normal/sableye.png
302,303,Mawile,Steel,Fairy,https://img.pokemondb.net/sprites/omega-ruby-alpha-sapphire/dex/normal/mawile.png
303,304,Aron,Steel,Rock,https://img.pokemondb.net/sprites/omega-ruby-alpha-sapphire/dex/normal/aron.png
304,305,Lairon,Steel,Rock,https://img.pokemondb.net/sprites/omega-ruby-alpha-sapphire/dex/normal/lairon.png
305,306,Aggron,Steel,Rock,https://img.pokemondb.net/sprites/omega-ruby-alpha-sapphire/dex/normal/aggron.png
306,307,Meditite,Fighting,Psychic,https://img.pokemondb.net/sprites/omega-ruby-alpha-sapphire/dex/normal/meditite.png
307,308,Medicham,Fighting,Psychic,https://img.pokemondb.net/sprites/omega-ruby-alpha-sapphire/dex/normal/medicham.png
308,309,Electrike,Electric,,https://img.pokemondb.net/sprites/omega-ruby-alpha-sapphire/dex/normal/electrike.png
309,310,Manectric,Electric,,https://img.pokemondb.net/sprites/omega-ruby-alpha-sapphire/dex/normal/manectric.png
310,311,Plusle,Electric,,https://img.pokemondb.net/sprites/omega-ruby-alpha-sapphire/dex/normal/plusle.png
311,312,Minun,Electric,,https://img.pokemondb.net/sprites/omega-ruby-alpha-sapphire/dex/normal/minun.png
312,313,Volbeat,Bug,,https://img.pokemondb.net/sprites/omega-ruby-alpha-sapphire/dex/normal/volbeat.png
313,314,Illumise,Bug,,https://img.pokemondb.net/sprites/omega-ruby-alpha-sapphire/dex/normal/illumise.png
314,315,Roselia,Grass,Poison,https://img.pokemondb.net/sprites/omega-ruby-alpha-sapphire/dex/normal/roselia.png
315,316,Gulpin,Poison,,https://img.pokemondb.net/sprites/omega-ruby-alpha-sapphire/dex/normal/gulpin.png
316,317,Swalot,Poison,,https://img.pokemondb.net/sprites/omega-ruby-alpha-sapphire/dex/normal/swalot.png
317,318,Carvanha,Water,Dark,https://img.pokemondb.net/sprites/omega-ruby-alpha-sapphire/dex/normal/carvanha.png
318,319,Sharpedo,Water,Dark,https://img.pokemondb.net/sprites/omega-ruby-alpha-sapphire/dex/normal/sharpedo.png
319,320,Wailmer,Water,,https://img.pokemondb.net/sprites/omega-ruby-alpha-sapphire/dex/normal/wailmer.png
320,321,Wailord,Water,,https://img.pokemondb.net/sprites/omega-ruby-alpha-sapphire/dex/normal/wailord.png
321,322,Numel,Fire,Ground,https://img.pokemondb.net/sprites/omega-ruby-alpha-sapphire/dex/normal/numel.png
322,323,Camerupt,Fire,Ground,https://img.pokemondb.net/sprites/omega-ruby-alpha-sapphire/dex/normal/camerupt.png
323,324,Torkoal,Fire,,https://img.pokemondb.net/sprites/omega-ruby-alpha-sapphire/dex/normal/torkoal.png
324,325,Spoink,Psychic,,https://img.pokemondb.net/sprites/omega-ruby-alpha-sapphire/dex/normal/spoink.png
325,326,Grumpig,Psychic,,https://img.pokemondb.net/sprites/omega-ruby-alpha-sapphire/dex/normal/grumpig.png
326,327,Spinda,Normal,,https://img.pokemondb.net/sprites/omega-ruby-alpha-sapphire/dex/normal/spinda.png
327,328,Trapinch,Ground,,https://img.pokemondb.net/sprites/omega-ruby-alpha-sapphire/dex/normal/trapinch.png
328,329,Vibrava,Ground,Dragon,https://img.pokemondb.net/sprites/omega-ruby-alpha-sapphire/dex/normal/vibrava.png
329,330,Flygon,Ground,Dragon,https://img.pokemondb.net/sprites/omega-ruby-alpha-sapphire/dex/normal/flygon.png
330,331,Cacnea,Grass,,https://img.pokemondb.net/sprites/omega-ruby-alpha-sapphire/dex/normal/cacnea.png
331,332,Cacturne,Grass,Dark,https://img.pokemondb.net/sprites/omega-ruby-alpha-sapphire/dex/normal/cacturne.png
332,333,Swablu,Normal,Flying,https://img.pokemondb.net/sprites/omega-ruby-alpha-sapphire/dex/normal/swablu.png
333,334,Altaria,Dragon,Flying,https://img.pokemondb.net/sprites/omega-ruby-alpha-sapphire/dex/normal/altaria.png
334,335,Zangoose,Normal,,https://img.pokemondb.net/sprites/omega-ruby-alpha-sapphire/dex/normal/zangoose.png
335,336,Seviper,Poison,,https://img.pokemondb.net/sprites/omega-ruby-alpha-sapphire/dex/normal/seviper.png
336,337,Lunatone,Rock,Psychic,https://img.pokemondb.net/sprites/omega-ruby-alpha-sapphire/dex/normal/lunatone.png
337,338,Solrock,Rock,Psychic,https://img.pokemondb.net/sprites/omega-ruby-alpha-sapphire/dex/normal/solrock.png
338,339,Barboach,Water,Ground,https://img.pokemondb.net/sprites/omega-ruby-alpha-sapphire/dex/normal/barboach.png
339,340,Whiscash,Water,Ground,https://img.pokemondb.net/sprites/omega-ruby-alpha-sapphire/dex/normal/whiscash.png
340,341,Corphish,Water,,https://img.pokemondb.net/sprites/omega-ruby-alpha-sapphire/dex/normal/corphish.png
341,342,Crawdaunt,Water,Dark,https://img.pokemondb.net/sprites/omega-ruby-alpha-sapphire/dex/normal/crawdaunt.png
342,343,Baltoy,Ground,Psychic,https://img.pokemondb.net/sprites/omega-ruby-alpha-sapphire/dex/normal/baltoy.png
343,344,Claydol,Ground,Psychic,https://img.pokemondb.net/sprites/omega-ruby-alpha-sapphire/dex/normal/claydol.png
344,345,Lileep,Rock,Grass,https://img.pokemondb.net/sprites/omega-ruby-alpha-sapphire/dex/normal/lileep.png
345,346,Cradily,Rock,Grass,https://img.pokemondb.net/sprites/omega-ruby-alpha-sapphire/dex/normal/cradily.png
346,347,Anorith,Rock,Bug,https://img.pokemondb.net/sprites/omega-ruby-alpha-sapphire/dex/normal/anorith.png
347,348,Armaldo,Rock,Bug,https://img.pokemondb.net/sprites/omega-ruby-alpha-sapphire/dex/normal/armaldo.png
348,349,Feebas,Water,,https://img.pokemondb.net/sprites/omega-ruby-alpha-sapphire/dex/normal/feebas.png
349,350,Milotic,Water,,https://img.pokemondb.net/sprites/omega-ruby-alpha-sapphire/dex/normal/milotic.png
350,351,Castform,Normal,,https://img.pokemondb.net/sprites/omega-ruby-alpha-sapphire/dex/normal/castform.png
351,352,Kecleon,Normal,,https://img.pokemondb.net/sprites/omega-ruby-alpha-sapphire/dex/normal/kecleon.png
352,353,Shuppet,Ghost,,https://img.pokemondb.net/sprites/omega-ruby-alpha-sapphire/dex/normal/shuppet.png
353,354,Banette,Ghost,,https://img.pokemondb.net/sprites/omega-ruby-alpha-sapphire/dex/normal/banette.png
354,355,Duskull,Ghost,,https://img.pokemondb.net/sprites/omega-ruby-alpha-sapphire/dex/normal/duskull.png
355,356,Dusclops,Ghost,,https://img.pokemondb.net/sprites/omega-ruby-alpha-sapphire/dex/normal/dusclops.png
356,357,Tropius,Grass,Flying,https://img.pokemondb.net/sprites/omega-ruby-alpha-sapphire/dex/normal/tropius.png
357,358,Chimecho,Psychic,,https://img.pokemondb.net/sprites/omega-ruby-alpha-sapphire/dex/normal/chimecho.png
358,359,Absol,Dark,,https://img.pokemondb.net/sprites/omega-ruby-alpha-sapphire/dex/normal/absol.png
359,360,Wynaut,Psychic,,https://img.pokemondb.net/sprites/omega-ruby-alpha-sapphire/dex/normal/wynaut.png
360,361,Snorunt,Ice,,https://img.pokemondb.net/sprites/omega-ruby-alpha-sapphire/dex/normal/snorunt.png
361,362,Glalie,Ice,,https://img.pokemondb.net/sprites/omega-ruby-alpha-sapphire/dex/normal/glalie.png
362,363,Spheal,Ice,Water,https://img.pokemondb.net/sprites/omega-ruby-alpha-sapphire/dex/normal/spheal.png
363,364,Sealeo,Ice,Water,https://img.pokemondb.net/sprites/omega-ruby-alpha-sapphire/dex/normal/sealeo.png
364,365,Walrein,Ice,Water,https://img.pokemondb.net/sprites/omega-ruby-alpha-sapphire/dex/normal/walrein.png
365,366,Clamperl,Water,,https://img.pokemondb.net/sprites/omega-ruby-alpha-sapphire/dex/normal/clamperl.png
366,367,Huntail,Water,,https://img.pokemondb.net/sprites/omega-ruby-alpha-sapphire/dex/normal/huntail.png
367,368,Gorebyss,Water,,https://img.pokemondb.net/sprites/omega-ruby-alpha-sapphire/dex/normal/gorebyss.png
368,369,Relicanth,Water,Rock,https://img.pokemondb.net/sprites/omega-ruby-alpha-sapphire/dex/normal/relicanth.png
369,370,Luvdisc,Water,,https://img.pokemondb.net/sprites/omega-ruby-alpha-sapphire/dex/normal/luvdisc.png
370,371,Bagon,Dragon,,https://img.pokemondb.net/sprites/omega-ruby-alpha-sapphire/dex/normal/bagon.png
371,372,Shelgon,Dragon,,https://img.pokemondb.net/sprites/omega-ruby-alpha-sapphire/dex/normal/shelgon.png
372,373,Salamence,Dragon,Flying,https://img.pokemondb.net/sprites/omega-ruby-alpha-sapphire/dex/normal/salamence.png
373,374,Beldum,Steel,Psychic,https://img.pokemondb.net/sprites/omega-ruby-alpha-sapphire/dex/normal/beldum.png
374,375,Metang,Steel,Psychic,https://img.pokemondb.net/sprites/omega-ruby-alpha-sapphire/dex/normal/metang.png
375,376,Metagross,Steel,Psychic,https://img.pokemondb.net/sprites/omega-ruby-alpha-sapphire/dex/normal/metagross.png
376,377,Regirock,Rock,,https://img.pokemondb.net/sprites/omega-ruby-alpha-sapphire/dex/normal/regirock.png
377,378,Regice,Ice,,https://img.pokemondb.net/sprites/omega-ruby-alpha-sapphire/dex/normal/regice.png
378,379,Registeel,Steel,,https://img.pokemondb.net/sprites/omega-ruby-alpha-sapphire/dex/normal/registeel.png
379,380,Latias,Dragon,Psychic,https://img.pokemondb.net/sprites/omega-ruby-alpha-sapphire/dex/normal/latias.png
380,381,Latios,Dragon,Psychic,https://img.pokemondb.net/sprites/omega-ruby-alpha-sapphire/dex/normal/latios.png
381,382,Kyogre,Water,,https://img.pokemondb.net/sprites/omega-ruby-alpha-sapphire/dex/normal/kyogre.png
382,383,Groudon,Ground,,https://img.pokemondb.net/sprites/omega-ruby-alpha-sapphire/dex/normal/groudon.png
383,384,Rayquaza,Dragon,Flying,https://img.pokemondb.net/sprites/omega-ruby-alpha-sapphire/dex/normal/rayquaza.png
384,385,Jirachi,Steel,Psychic,https://img.pokemondb.net/sprites/omega-ruby-alpha-sapphire/dex/normal/jirachi.png
385,386,Deoxys,Psychic,,https://img.pokemondb.net/sprites/omega-ruby-alpha-sapphire/dex/normal/deoxys-normal.png
386,387,Turtwig,Grass,,https://img.pokemondb.net/sprites/omega-ruby-alpha-sapphire/dex/normal/turtwig.png
387,388,Grotle,Grass,,https://img.pokemondb.net/sprites/omega-ruby-alpha-sapphire/dex/normal/grotle.png
388,389,Torterra,Grass,Ground,https://img.pokemondb.net/sprites/omega-ruby-alpha-sapphire/dex/normal/torterra.png
389,390,Chimchar,Fire,,https://img.pokemondb.net/sprites/omega-ruby-alpha-sapphire/dex/normal/chimchar.png
390,391,Monferno,Fire,Fighting,https://img.pokemondb.net/sprites/omega-ruby-alpha-sapphire/dex/normal/monferno.png
391,392,Infernape,Fire,Fighting,https://img.pokemondb.net/sprites/omega-ruby-alpha-sapphire/dex/normal/infernape.png
392,393,Piplup,Water,,https://img.pokemondb.net/sprites/omega-ruby-alpha-sapphire/dex/normal/piplup.png
393,394,Prinplup,Water,,https://img.pokemondb.net/sprites/omega-ruby-alpha-sapphire/dex/normal/prinplup.png
394,395,Empoleon,Water,Steel,https://img.pokemondb.net/sprites/omega-ruby-alpha-sapphire/dex/normal/empoleon.png
395,396,Starly,Normal,Flying,https://img.pokemondb.net/sprites/omega-ruby-alpha-sapphire/dex/normal/starly.png
396,397,Staravia,Normal,Flying,https://img.pokemondb.net/sprites/omega-ruby-alpha-sapphire/dex/normal/staravia.png
397,398,Staraptor,Normal,Flying,https://img.pokemondb.net/sprites/omega-ruby-alpha-sapphire/dex/normal/staraptor.png
398,399,Bidoof,Normal,,https://img.pokemondb.net/sprites/omega-ruby-alpha-sapphire/dex/normal/bidoof.png
399,400,Bibarel,Normal,Water,https://img.pokemondb.net/sprites/omega-ruby-alpha-sapphire/dex/normal/bibarel.png
400,401,Kricketot,Bug,,https://img.pokemondb.net/sprites/omega-ruby-alpha-sapphire/dex/normal/kricketot.png
401,402,Kricketune,Bug,,https://img.pokemondb.net/sprites/omega-ruby-alpha-sapphire/dex/normal/kricketune.png
402,403,Shinx,Electric,,https://img.pokemondb.net/sprites/omega-ruby-alpha-sapphire/dex/normal/shinx.png
403,404,Luxio,Electric,,https://img.pokemondb.net/sprites/omega-ruby-alpha-sapphire/dex/normal/luxio.png
404,405,Luxray,Electric,,https://img.pokemondb.net/sprites/omega-ruby-alpha-sapphire/dex/normal/luxray.png
405,406,Budew,Grass,Poison,https://img.pokemondb.net/sprites/omega-ruby-alpha-sapphire/dex/normal/budew.png
406,407,Roserade,Grass,Poison,https://img.pokemondb.net/sprites/omega-ruby-alpha-sapphire/dex/normal/roserade.png
407,408,Cranidos,Rock,,https://img.pokemondb.net/sprites/omega-ruby-alpha-sapphire/dex/normal/cranidos.png
408,409,Rampardos,Rock,,https://img.pokemondb.net/sprites/omega-ruby-alpha-sapphire/dex/normal/rampardos.png
409,410,Shieldon,Rock,Steel,https://img.pokemondb.net/sprites/omega-ruby-alpha-sapphire/dex/normal/shieldon.png
410,411,Bastiodon,Rock,Steel,https://img.pokemondb.net/sprites/omega-ruby-alpha-sapphire/dex/normal/bastiodon.png
411,412,Burmy,Bug,,https://img.pokemondb.net/sprites/omega-ruby-alpha-sapphire/dex/normal/burmy.png
412,413,Wormadam,Bug,Grass,https://img.pokemondb.net/sprites/omega-ruby-alpha-sapphire/dex/normal/wormadam-plant.png
413,414,Mothim,Bug,Flying,https://img.pokemondb.net/sprites/omega-ruby-alpha-sapphire/dex/normal/mothim.png
414,415,Combee,Bug,Flying,https://img.pokemondb.net/sprites/omega-ruby-alpha-sapphire/dex/normal/combee.png
415,416,Vespiquen,Bug,Flying,https://img.pokemondb.net/sprites/omega-ruby-alpha-sapphire/dex/normal/vespiquen.png
416,417,Pachirisu,Electric,,https://img.pokemondb.net/sprites/omega-ruby-alpha-sapphire/dex/normal/pachirisu.png
417,418,Buizel,Water,,https://img.pokemondb.net/sprites/omega-ruby-alpha-sapphire/dex/normal/buizel.png
418,419,Floatzel,Water,,https://img.pokemondb.net/sprites/omega-ruby-alpha-sapphire/dex/normal/floatzel.png
419,420,Cherubi,Grass,,https://img.pokemondb.net/sprites/omega-ruby-alpha-sapphire/dex/normal/cherubi.png
420,421,Cherrim,Grass,,https://img.pokemondb.net/sprites/omega-ruby-alpha-sapphire/dex/normal/cherrim.png
421,422,Shellos,Water,,https://img.pokemondb.net/sprites/omega-ruby-alpha-sapphire/dex/normal/shellos.png
422,423,Gastrodon,Water,Ground,https://img.pokemondb.net/sprites/omega-ruby-alpha-sapphire/dex/normal/gastrodon.png
423,424,Ambipom,Normal,,https://img.pokemondb.net/sprites/omega-ruby-alpha-sapphire/dex/normal/ambipom.png
424,425,Drifloon,Ghost,Flying,https://img.pokemondb.net/sprites/omega-ruby-alpha-sapphire/dex/normal/drifloon.png
425,426,Drifblim,Ghost,Flying,https://img.pokemondb.net/sprites/omega-ruby-alpha-sapphire/dex/normal/drifblim.png
426,427,Buneary,Normal,,https://img.pokemondb.net/sprites/omega-ruby-alpha-sapphire/dex/normal/buneary.png
427,428,Lopunny,Normal,,https://img.pokemondb.net/sprites/omega-ruby-alpha-sapphire/dex/normal/lopunny.png
428,429,Mismagius,Ghost,,https://img.pokemondb.net/sprites/omega-ruby-alpha-sapphire/dex/normal/mismagius.png
429,430,Honchkrow,Dark,Flying,https://img.pokemondb.net/sprites/omega-ruby-alpha-sapphire/dex/normal/honchkrow.png
430,431,Glameow,Normal,,https://img.pokemondb.net/sprites/omega-ruby-alpha-sapphire/dex/normal/glameow.png
431,432,Purugly,Normal,,https://img.pokemondb.net/sprites/omega-ruby-alpha-sapphire/dex/normal/purugly.png
432,433,Chingling,Psychic,,https://img.pokemondb.net/sprites/omega-ruby-alpha-sapphire/dex/normal/chingling.png
433,434,Stunky,Poison,Dark,https://img.pokemondb.net/sprites/omega-ruby-alpha-sapphire/dex/normal/stunky.png
434,435,Skuntank,Poison,Dark,https://img.pokemondb.net/sprites/omega-ruby-alpha-sapphire/dex/normal/skuntank.png
435,436,Bronzor,Steel,Psychic,https://img.pokemondb.net/sprites/omega-ruby-alpha-sapphire/dex/normal/bronzor.png
436,437,Bronzong,Steel,Psychic,https://img.pokemondb.net/sprites/omega-ruby-alpha-sapphire/dex/normal/bronzong.png
437,438,Bonsly,Rock,,https://img.pokemondb.net/sprites/omega-ruby-alpha-sapphire/dex/normal/bonsly.png
438,439,Mime Jr.,Psychic,Fairy,https://img.pokemondb.net/sprites/omega-ruby-alpha-sapphire/dex/normal/mime-jr.png
439,440,Happiny,Normal,,https://img.pokemondb.net/sprites/omega-ruby-alpha-sapphire/dex/normal/happiny.png
440,441,Chatot,Normal,Flying,https://img.pokemondb.net/sprites/omega-ruby-alpha-sapphire/dex/normal/chatot.png
441,442,Spiritomb,Ghost,Dark,https://img.pokemondb.net/sprites/omega-ruby-alpha-sapphire/dex/normal/spiritomb.png
442,443,Gible,Dragon,Ground,https://img.pokemondb.net/sprites/omega-ruby-alpha-sapphire/dex/normal/gible.png
443,444,Gabite,Dragon,Ground,https://img.pokemondb.net/sprites/omega-ruby-alpha-sapphire/dex/normal/gabite.png
444,445,Garchomp,Dragon,Ground,https://img.pokemondb.net/sprites/omega-ruby-alpha-sapphire/dex/normal/garchomp.png
445,446,Munchlax,Normal,,https://img.pokemondb.net/sprites/omega-ruby-alpha-sapphire/dex/normal/munchlax.png
446,447,Riolu,Fighting,,https://img.pokemondb.net/sprites/omega-ruby-alpha-sapphire/dex/normal/riolu.png
447,448,Lucario,Fighting,Steel,https://img.pokemondb.net/sprites/omega-ruby-alpha-sapphire/dex/normal/lucario.png
448,449,Hippopotas,Ground,,https://img.pokemondb.net/sprites/omega-ruby-alpha-sapphire/dex/normal/hippopotas.png
449,450,Hippowdon,Ground,,https://img.pokemondb.net/sprites/omega-ruby-alpha-sapphire/dex/normal/hippowdon.png
450,451,Skorupi,Poison,Bug,https://img.pokemondb.net/sprites/omega-ruby-alpha-sapphire/dex/normal/skorupi.png
451,452,Drapion,Poison,Dark,https://img.pokemondb.net/sprites/omega-ruby-alpha-sapphire/dex/normal/drapion.png
452,453,Croagunk,Poison,Fighting,https://img.pokemondb.net/sprites/omega-ruby-alpha-sapphire/dex/normal/croagunk.png
453,454,Toxicroak,Poison,Fighting,https://img.pokemondb.net/sprites/omega-ruby-alpha-sapphire/dex/normal/toxicroak.png
454,455,Carnivine,Grass,,https://img.pokemondb.net/sprites/omega-ruby-alpha-sapphire/dex/normal/carnivine.png
455,456,Finneon,Water,,https://img.pokemondb.net/sprites/omega-ruby-alpha-sapphire/dex/normal/finneon.png
456,457,Lumineon,Water,,https://img.pokemondb.net/sprites/omega-ruby-alpha-sapphire/dex/normal/lumineon.png
457,458,Mantyke,Water,Flying,https://img.pokemondb.net/sprites/omega-ruby-alpha-sapphire/dex/normal/mantyke.png
458,459,Snover,Grass,Ice,https://img.pokemondb.net/sprites/omega-ruby-alpha-sapphire/dex/normal/snover.png
459,460,Abomasnow,Grass,Ice,https://img.pokemondb.net/sprites/omega-ruby-alpha-sapphire/dex/normal/abomasnow.png
460,461,Weavile,Dark,Ice,https://img.pokemondb.net/sprites/omega-ruby-alpha-sapphire/dex/normal/weavile.png
461,462,Magnezone,Electric,Steel,https://img.pokemondb.net/sprites/omega-ruby-alpha-sapphire/dex/normal/magnezone.png
462,463,Lickilicky,Normal,,https://img.pokemondb.net/sprites/omega-ruby-alpha-sapphire/dex/normal/lickilicky.png
463,464,Rhyperior,Ground,Rock,https://img.pokemondb.net/sprites/omega-ruby-alpha-sapphire/dex/normal/rhyperior.png
464,465,Tangrowth,Grass,,https://img.pokemondb.net/sprites/omega-ruby-alpha-sapphire/dex/normal/tangrowth.png
465,466,Electivire,Electric,,https://img.pokemondb.net/sprites/omega-ruby-alpha-sapphire/dex/normal/electivire.png
466,467,Magmortar,Fire,,https://img.pokemondb.net/sprites/omega-ruby-alpha-sapphire/dex/normal/magmortar.png
467,468,Togekiss,Fairy,Flying,https://img.pokemondb.net/sprites/omega-ruby-alpha-sapphire/dex/normal/togekiss.png
468,469,Yanmega,Bug,Flying,https://img.pokemondb.net/sprites/omega-ruby-alpha-sapphire/dex/normal/yanmega.png
469,470,Leafeon,Grass,,https://img.pokemondb.net/sprites/omega-ruby-alpha-sapphire/dex/normal/leafeon.png
470,471,Glaceon,Ice,,https://img.pokemondb.net/sprites/omega-ruby-alpha-sapphire/dex/normal/glaceon.png
471,472,Gliscor,Ground,Flying,https://img.pokemondb.net/sprites/omega-ruby-alpha-sapphire/dex/normal/gliscor.png
472,473,Mamoswine,Ice,Ground,https://img.pokemondb.net/sprites/omega-ruby-alpha-sapphire/dex/normal/mamoswine.png
473,474,Porygon-Z,Normal,,https://img.pokemondb.net/sprites/omega-ruby-alpha-sapphire/dex/normal/porygon-z.png
474,475,Gallade,Psychic,Fighting,https://img.pokemondb.net/sprites/omega-ruby-alpha-sapphire/dex/normal/gallade.png
475,476,Probopass,Rock,Steel,https://img.pokemondb.net/sprites/omega-ruby-alpha-sapphire/dex/normal/probopass.png
476,477,Dusknoir,Ghost,,https://img.pokemondb.net/sprites/omega-ruby-alpha-sapphire/dex/normal/dusknoir.png
477,478,Froslass,Ice,Ghost,https://img.pokemondb.net/sprites/omega-ruby-alpha-sapphire/dex/normal/froslass.png
478,479,Rotom,Electric,Ghost,https://img.pokemondb.net/sprites/omega-ruby-alpha-sapphire/dex/normal/rotom.png
479,480,Uxie,Psychic,,https://img.pokemondb.net/sprites/omega-ruby-alpha-sapphire/dex/normal/uxie.png
480,481,Mesprit,Psychic,,https://img.pokemondb.net/sprites/omega-ruby-alpha-sapphire/dex/normal/mesprit.png
481,482,Azelf,Psychic,,https://img.pokemondb.net/sprites/omega-ruby-alpha-sapphire/dex/normal/azelf.png
482,483,Dialga,Steel,Dragon,https://img.pokemondb.net/sprites/omega-ruby-alpha-sapphire/dex/normal/dialga.png
483,484,Palkia,Water,Dragon,https://img.pokemondb.net/sprites/omega-ruby-alpha-sapphire/dex/normal/palkia.png
484,485,Heatran,Fire,Steel,https://img.pokemondb.net/sprites/omega-ruby-alpha-sapphire/dex/normal/heatran.png
485,486,Regigigas,Normal,,https://img.pokemondb.net/sprites/omega-ruby-alpha-sapphire/dex/normal/regigigas.png
486,487,Giratina,Ghost,Dragon,https://img.pokemondb.net/sprites/omega-ruby-alpha-sapphire/dex/normal/giratina-altered.png
487,488,Cresselia,Psychic,,https://img.pokemondb.net/sprites/omega-ruby-alpha-sapphire/dex/normal/cresselia.png
488,489,Phione,Water,,https://img.pokemondb.net/sprites/omega-ruby-alpha-sapphire/dex/normal/phione.png
489,490,Manaphy,Water,,https://img.pokemondb.net/sprites/omega-ruby-alpha-sapphire/dex/normal/manaphy.png
490,491,Darkrai,Dark,,https://img.pokemondb.net/sprites/omega-ruby-alpha-sapphire/dex/normal/darkrai.png
491,492,Shaymin,Grass,,https://img.pokemondb.net/sprites/omega-ruby-alpha-sapphire/dex/normal/shaymin-land.png
492,493,Arceus,Normal,,https://img.pokemondb.net/sprites/omega-ruby-alpha-sapphire/dex/normal/arceus.png
493,494,Victini,Psychic,Fire,https://img.pokemondb.net/sprites/omega-ruby-alpha-sapphire/dex/normal/victini.png
494,495,Snivy,Grass,,https://img.pokemondb.net/sprites/omega-ruby-alpha-sapphire/dex/normal/snivy.png
495,496,Servine,Grass,,https://img.pokemondb.net/sprites/omega-ruby-alpha-sapphire/dex/normal/servine.png
496,497,Serperior,Grass,,https://img.pokemondb.net/sprites/omega-ruby-alpha-sapphire/dex/normal/serperior.png
497,498,Tepig,Fire,,https://img.pokemondb.net/sprites/omega-ruby-alpha-sapphire/dex/normal/tepig.png
498,499,Pignite,Fire,Fighting,https://img.pokemondb.net/sprites/omega-ruby-alpha-sapphire/dex/normal/pignite.png
499,500,Emboar,Fire,Fighting,https://img.pokemondb.net/sprites/omega-ruby-alpha-sapphire/dex/normal/emboar.png
500,501,Oshawott,Water,,https://img.pokemondb.net/sprites/omega-ruby-alpha-sapphire/dex/normal/oshawott.png
501,502,Dewott,Water,,https://img.pokemondb.net/sprites/omega-ruby-alpha-sapphire/dex/normal/dewott.png
502,503,Samurott,Water,,https://img.pokemondb.net/sprites/omega-ruby-alpha-sapphire/dex/normal/samurott.png
503,504,Patrat,Normal,,https://img.pokemondb.net/sprites/omega-ruby-alpha-sapphire/dex/normal/patrat.png
504,505,Watchog,Normal,,https://img.pokemondb.net/sprites/omega-ruby-alpha-sapphire/dex/normal/watchog.png
505,506,Lillipup,Normal,,https://img.pokemondb.net/sprites/omega-ruby-alpha-sapphire/dex/normal/lillipup.png
506,507,Herdier,Normal,,https://img.pokemondb.net/sprites/omega-ruby-alpha-sapphire/dex/normal/herdier.png
507,508,Stoutland,Normal,,https://img.pokemondb.net/sprites/omega-ruby-alpha-sapphire/dex/normal/stoutland.png
508,509,Purrloin,Dark,,https://img.pokemondb.net/sprites/omega-ruby-alpha-sapphire/dex/normal/purrloin.png
509,510,Liepard,Dark,,https://img.pokemondb.net/sprites/omega-ruby-alpha-sapphire/dex/normal/liepard.png
510,511,Pansage,Grass,,https://img.pokemondb.net/sprites/omega-ruby-alpha-sapphire/dex/normal/pansage.png
511,512,Simisage,Grass,,https://img.pokemondb.net/sprites/omega-ruby-alpha-sapphire/dex/normal/simisage.png
512,513,Pansear,Fire,,https://img.pokemondb.net/sprites/omega-ruby-alpha-sapphire/dex/normal/pansear.png
513,514,Simisear,Fire,,https://img.pokemondb.net/sprites/omega-ruby-alpha-sapphire/dex/normal/simisear.png
514,515,Panpour,Water,,https://img.pokemondb.net/sprites/omega-ruby-alpha-sapphire/dex/normal/panpour.png
515,516,Simipour,Water,,https://img.pokemondb.net/sprites/omega-ruby-alpha-sapphire/dex/normal/simipour.png
516,517,Munna,Psychic,,https://img.pokemondb.net/sprites/omega-ruby-alpha-sapphire/dex/normal/munna.png
517,518,Musharna,Psychic,,https://img.pokemondb.net/sprites/omega-ruby-alpha-sapphire/dex/normal/musharna.png
518,519,Pidove,Normal,Flying,https://img.pokemondb.net/sprites/omega-ruby-alpha-sapphire/dex/normal/pidove.png
519,520,Tranquill,Normal,Flying,https://img.pokemondb.net/sprites/omega-ruby-alpha-sapphire/dex/normal/tranquill.png
520,521,Unfezant,Normal,Flying,https://img.pokemondb.net/sprites/omega-ruby-alpha-sapphire/dex/normal/unfezant.png
521,522,Blitzle,Electric,,https://img.pokemondb.net/sprites/omega-ruby-alpha-sapphire/dex/normal/blitzle.png
522,523,Zebstrika,Electric,,https://img.pokemondb.net/sprites/omega-ruby-alpha-sapphire/dex/normal/zebstrika.png
523,524,Roggenrola,Rock,,https://img.pokemondb.net/sprites/omega-ruby-alpha-sapphire/dex/normal/roggenrola.png
524,525,Boldore,Rock,,https://img.pokemondb.net/sprites/omega-ruby-alpha-sapphire/dex/normal/boldore.png
525,526,Gigalith,Rock,,https://img.pokemondb.net/sprites/omega-ruby-alpha-sapphire/dex/normal/gigalith.png
526,527,Woobat,Psychic,Flying,https://img.pokemondb.net/sprites/omega-ruby-alpha-sapphire/dex/normal/woobat.png
527,528,Swoobat,Psychic,Flying,https://img.pokemondb.net/sprites/omega-ruby-alpha-sapphire/dex/normal/swoobat.png
528,529,Drilbur,Ground,,https://img.pokemondb.net/sprites/omega-ruby-alpha-sapphire/dex/normal/drilbur.png
529,530,Excadrill,Ground,Steel,https://img.pokemondb.net/sprites/omega-ruby-alpha-sapphire/dex/normal/excadrill.png
530,531,Audino,Normal,,https://img.pokemondb.net/sprites/omega-ruby-alpha-sapphire/dex/normal/audino.png
531,532,Timburr,Fighting,,https://img.pokemondb.net/sprites/omega-ruby-alpha-sapphire/dex/normal/timburr.png
532,533,Gurdurr,Fighting,,https://img.pokemondb.net/sprites/omega-ruby-alpha-sapphire/dex/normal/gurdurr.png
533,534,Conkeldurr,Fighting,,https://img.pokemondb.net/sprites/omega-ruby-alpha-sapphire/dex/normal/conkeldurr.png
534,535,Tympole,Water,,https://img.pokemondb.net/sprites/omega-ruby-alpha-sapphire/dex/normal/tympole.png
535,536,Palpitoad,Water,Ground,https://img.pokemondb.net/sprites/omega-ruby-alpha-sapphire/dex/normal/palpitoad.png
536,537,Seismitoad,Water,Ground,https://img.pokemondb.net/sprites/omega-ruby-alpha-sapphire/dex/normal/seismitoad.png
537,538,Throh,Fighting,,https://img.pokemondb.net/sprites/omega-ruby-alpha-sapphire/dex/normal/throh.png
538,539,Sawk,Fighting,,https://img.pokemondb.net/sprites/omega-ruby-alpha-sapphire/dex/normal/sawk.png
539,540,Sewaddle,Bug,Grass,https://img.pokemondb.net/sprites/omega-ruby-alpha-sapphire/dex/normal/sewaddle.png
540,541,Swadloon,Bug,Grass,https://img.pokemondb.net/sprites/omega-ruby-alpha-sapphire/dex/normal/swadloon.png
541,542,Leavanny,Bug,Grass,https://img.pokemondb.net/sprites/omega-ruby-alpha-sapphire/dex/normal/leavanny.png
542,543,Venipede,Bug,Poison,https://img.pokemondb.net/sprites/omega-ruby-alpha-sapphire/dex/normal/venipede.png
543,544,Whirlipede,Bug,Poison,https://img.pokemondb.net/sprites/omega-ruby-alpha-sapphire/dex/normal/whirlipede.png
544,545,Scolipede,Bug,Poison,https://img.pokemondb.net/sprites/omega-ruby-alpha-sapphire/dex/normal/scolipede.png
545,546,Cottonee,Grass,Fairy,https://img.pokemondb.net/sprites/omega-ruby-alpha-sapphire/dex/normal/cottonee.png
546,547,Whimsicott,Grass,Fairy,https://img.pokemondb.net/sprites/omega-ruby-alpha-sapphire/dex/normal/whimsicott.png
547,548,Petilil,Grass,,https://img.pokemondb.net/sprites/omega-ruby-alpha-sapphire/dex/normal/petilil.png
548,549,Lilligant,Grass,,https://img.pokemondb.net/sprites/omega-ruby-alpha-sapphire/dex/normal/lilligant.png
549,550,Basculin,Water,,https://img.pokemondb.net/sprites/omega-ruby-alpha-sapphire/dex/normal/basculin-red-striped.png
550,551,Sandile,Ground,Dark,https://img.pokemondb.net/sprites/omega-ruby-alpha-sapphire/dex/normal/sandile.png
551,552,Krokorok,Ground,Dark,https://img.pokemondb.net/sprites/omega-ruby-alpha-sapphire/dex/normal/krokorok.png
552,553,Krookodile,Ground,Dark,https://img.pokemondb.net/sprites/omega-ruby-alpha-sapphire/dex/normal/krookodile.png
553,554,Darumaka,Fire,,https://img.pokemondb.net/sprites/omega-ruby-alpha-sapphire/dex/normal/darumaka.png
554,555,Darmanitan,Fire,,https://img.pokemondb.net/sprites/omega-ruby-alpha-sapphire/dex/normal/darmanitan-standard.png
555,556,Maractus,Grass,,https://img.pokemondb.net/sprites/omega-ruby-alpha-sapphire/dex/normal/maractus.png
556,557,Dwebble,Bug,Rock,https://img.pokemondb.net/sprites/omega-ruby-alpha-sapphire/dex/normal/dwebble.png
557,558,Crustle,Bug,Rock,https://img.pokemondb.net/sprites/omega-ruby-alpha-sapphire/dex/normal/crustle.png
558,559,Scraggy,Dark,Fighting,https://img.pokemondb.net/sprites/omega-ruby-alpha-sapphire/dex/normal/scraggy.png
559,560,Scrafty,Dark,Fighting,https://img.pokemondb.net/sprites/omega-ruby-alpha-sapphire/dex/normal/scrafty.png
560,561,Sigilyph,Psychic,Flying,https://img.pokemondb.net/sprites/omega-ruby-alpha-sapphire/dex/normal/sigilyph.png
561,562,Yamask,Ghost,,https://img.pokemondb.net/sprites/omega-ruby-alpha-sapphire/dex/normal/yamask.png
562,563,Cofagrigus,Ghost,,https://img.pokemondb.net/sprites/omega-ruby-alpha-sapphire/dex/normal/cofagrigus.png
563,564,Tirtouga,Water,Rock,https://img.pokemondb.net/sprites/omega-ruby-alpha-sapphire/dex/normal/tirtouga.png
564,565,Carracosta,Water,Rock,https://img.pokemondb.net/sprites/omega-ruby-alpha-sapphire/dex/normal/carracosta.png
565,566,Archen,Rock,Flying,https://img.pokemondb.net/sprites/omega-ruby-alpha-sapphire/dex/normal/archen.png
566,567,Archeops,Rock,Flying,https://img.pokemondb.net/sprites/omega-ruby-alpha-sapphire/dex/normal/archeops.png
567,568,Trubbish,Poison,,https://img.pokemondb.net/sprites/omega-ruby-alpha-sapphire/dex/normal/trubbish.png
568,569,Garbodor,Poison,,https://img.pokemondb.net/sprites/omega-ruby-alpha-sapphire/dex/normal/garbodor.png
569,570,Zorua,Dark,,https://img.pokemondb.net/sprites/omega-ruby-alpha-sapphire/dex/normal/zorua.png
570,571,Zoroark,Dark,,https://img.pokemondb.net/sprites/omega-ruby-alpha-sapphire/dex/normal/zoroark.png
571,572,Minccino,Normal,,https://img.pokemondb.net/sprites/omega-ruby-alpha-sapphire/dex/normal/minccino.png
572,573,Cinccino,Normal,,https://img.pokemondb.net/sprites/omega-ruby-alpha-sapphire/dex/normal/cinccino.png
573,574,Gothita,Psychic,,https://img.pokemondb.net/sprites/omega-ruby-alpha-sapphire/dex/normal/gothita.png
574,575,Gothorita,Psychic,,https://img.pokemondb.net/sprites/omega-ruby-alpha-sapphire/dex/normal/gothorita.png
575,576,Gothitelle,Psychic,,https://img.pokemondb.net/sprites/omega-ruby-alpha-sapphire/dex/normal/gothitelle.png
576,577,Solosis,Psychic,,https://img.pokemondb.net/sprites/omega-ruby-alpha-sapphire/dex/normal/solosis.png
577,578,Duosion,Psychic,,https://img.pokemondb.net/sprites/omega-ruby-alpha-sapphire/dex/normal/duosion.png
578,579,Reuniclus,Psychic,,https://img.pokemondb.net/sprites/omega-ruby-alpha-sapphire/dex/normal/reuniclus.png
579,580,Ducklett,Water,Flying,https://img.pokemondb.net/sprites/omega-ruby-alpha-sapphire/dex/normal/ducklett.png
580,581,Swanna,Water,Flying,https://img.pokemondb.net/sprites/omega-ruby-alpha-sapphire/dex/normal/swanna.png
581,582,Vanillite,Ice,,https://img.pokemondb.net/sprites/omega-ruby-alpha-sapphire/dex/normal/vanillite.png
582,583,Vanillish,Ice,,https://img.pokemondb.net/sprites/omega-ruby-alpha-sapphire/dex/normal/vanillish.png
583,584,Vanilluxe,Ice,,https://img.pokemondb.net/sprites/omega-ruby-alpha-sapphire/dex/normal/vanilluxe.png
584,585,Deerling,Normal,Grass,https://img.pokemondb.net/sprites/omega-ruby-alpha-sapphire/dex/normal/deerling.png
585,586,Sawsbuck,Normal,Grass,https://img.pokemondb.net/sprites/omega-ruby-alpha-sapphire/dex/normal/sawsbuck.png
586,587,Emolga,Electric,Flying,https://img.pokemondb.net/sprites/omega-ruby-alpha-sapphire/dex/normal/emolga.png
587,588,Karrablast,Bug,,https://img.pokemondb.net/sprites/omega-ruby-alpha-sapphire/dex/normal/karrablast.png
588,589,Escavalier,Bug,Steel,https://img.pokemondb.net/sprites/omega-ruby-alpha-sapphire/dex/normal/escavalier.png
589,590,Foongus,Grass,Poison,https://img.pokemondb.net/sprites/omega-ruby-alpha-sapphire/dex/normal/foongus.png
590,591,Amoonguss,Grass,Poison,https://img.pokemondb.net/sprites/omega-ruby-alpha-sapphire/dex/normal/amoonguss.png
591,592,Frillish,Water,Ghost,https://img.pokemondb.net/sprites/omega-ruby-alpha-sapphire/dex/normal/frillish.png
592,593,Jellicent,Water,Ghost,https://img.pokemondb.net/sprites/omega-ruby-alpha-sapphire/dex/normal/jellicent.png
593,594,Alomomola,Water,,https://img.pokemondb.net/sprites/omega-ruby-alpha-sapphire/dex/normal/alomomola.png
594,595,Joltik,Bug,Electric,https://img.pokemondb.net/sprites/omega-ruby-alpha-sapphire/dex/normal/joltik.png
595,596,Galvantula,Bug,Electric,https://img.pokemondb.net/sprites/omega-ruby-alpha-sapphire/dex/normal/galvantula.png
596,597,Ferroseed,Grass,Steel,https://img.pokemondb.net/sprites/omega-ruby-alpha-sapphire/dex/normal/ferroseed.png
597,598,Ferrothorn,Grass,Steel,https://img.pokemondb.net/sprites/omega-ruby-alpha-sapphire/dex/normal/ferrothorn.png
598,599,Klink,Steel,,https://img.pokemondb.net/sprites/omega-ruby-alpha-sapphire/dex/normal/klink.png
599,600,Klang,Steel,,https://img.pokemondb.net/sprites/omega-ruby-alpha-sapphire/dex/normal/klang.png
600,601,Klinklang,Steel,,https://img.pokemondb.net/sprites/omega-ruby-alpha-sapphire/dex/normal/klinklang.png
601,602,Tynamo,Electric,,https://img.pokemondb.net/sprites/omega-ruby-alpha-sapphire/dex/normal/tynamo.png
602,603,Eelektrik,Electric,,https://img.pokemondb.net/sprites/omega-ruby-alpha-sapphire/dex/normal/eelektrik.png
603,604,Eelektross,Electric,,https://img.pokemondb.net/sprites/omega-ruby-alpha-sapphire/dex/normal/eelektross.png
604,605,Elgyem,Psychic,,https://img.pokemondb.net/sprites/omega-ruby-alpha-sapphire/dex/normal/elgyem.png
605,606,Beheeyem,Psychic,,https://img.pokemondb.net/sprites/omega-ruby-alpha-sapphire/dex/normal/beheeyem.png
606,607,Litwick,Ghost,Fire,https://img.pokemondb.net/sprites/omega-ruby-alpha-sapphire/dex/normal/litwick.png
607,608,Lampent,Ghost,Fire,https://img.pokemondb.net/sprites/omega-ruby-alpha-sapphire/dex/normal/lampent.png
608,609,Chandelure,Ghost,Fire,https://img.pokemondb.net/sprites/omega-ruby-alpha-sapphire/dex/normal/chandelure.png
609,610,Axew,Dragon,,https://img.pokemondb.net/sprites/omega-ruby-alpha-sapphire/dex/normal/axew.png
610,611,Fraxure,Dragon,,https://img.pokemondb.net/sprites/omega-ruby-alpha-sapphire/dex/normal/fraxure.png
611,612,Haxorus,Dragon,,https://img.pokemondb.net/sprites/omega-ruby-alpha-sapphire/dex/normal/haxorus.png
612,613,Cubchoo,Ice,,https://img.pokemondb.net/sprites/omega-ruby-alpha-sapphire/dex/normal/cubchoo.png
613,614,Beartic,Ice,,https://img.pokemondb.net/sprites/omega-ruby-alpha-sapphire/dex/normal/beartic.png
614,615,Cryogonal,Ice,,https://img.pokemondb.net/sprites/omega-ruby-alpha-sapphire/dex/normal/cryogonal.png
615,616,Shelmet,Bug,,https://img.pokemondb.net/sprites/omega-ruby-alpha-sapphire/dex/normal/shelmet.png
616,617,Accelgor,Bug,,https://img.pokemondb.net/sprites/omega-ruby-alpha-sapphire/dex/normal/accelgor.png
617,618,Stunfisk,Ground,Electric,https://img.pokemondb.net/sprites/omega-ruby-alpha-sapphire/dex/normal/stunfisk.png
618,619,Mienfoo,Fighting,,https://img.pokemondb.net/sprites/omega-ruby-alpha-sapphire/dex/normal/mienfoo.png
619,620,Mienshao,Fighting,,https://img.pokemondb.net/sprites/omega-ruby-alpha-sapphire/dex/normal/mienshao.png
620,621,Druddigon,Dragon,,https://img.pokemondb.net/sprites/omega-ruby-alpha-sapphire/dex/normal/druddigon.png
621,622,Golett,Ground,Ghost,https://img.pokemondb.net/sprites/omega-ruby-alpha-sapphire/dex/normal/golett.png
622,623,Golurk,Ground,Ghost,https://img.pokemondb.net/sprites/omega-ruby-alpha-sapphire/dex/normal/golurk.png
623,624,Pawniard,Dark,Steel,https://img.pokemondb.net/sprites/omega-ruby-alpha-sapphire/dex/normal/pawniard.png
624,625,Bisharp,Dark,Steel,https://img.pokemondb.net/sprites/omega-ruby-alpha-sapphire/dex/normal/bisharp.png
625,626,Bouffalant,Normal,,https://img.pokemondb.net/sprites/omega-ruby-alpha-sapphire/dex/normal/bouffalant.png
626,627,Rufflet,Normal,Flying,https://img.pokemondb.net/sprites/omega-ruby-alpha-sapphire/dex/normal/rufflet.png
627,628,Braviary,Normal,Flying,https://img.pokemondb.net/sprites/omega-ruby-alpha-sapphire/dex/normal/braviary.png
628,629,Vullaby,Dark,Flying,https://img.pokemondb.net/sprites/omega-ruby-alpha-sapphire/dex/normal/vullaby.png
629,630,Mandibuzz,Dark,Flying,https://img.pokemondb.net/sprites/omega-ruby-alpha-sapphire/dex/normal/mandibuzz.png
630,631,Heatmor,Fire,,https://img.pokemondb.net/sprites/omega-ruby-alpha-sapphire/dex/normal/heatmor.png
631,632,Durant,Bug,Steel,https://img.pokemondb.net/sprites/omega-ruby-alpha-sapphire/dex/normal/durant.png
632,633,Deino,Dark,Dragon,https://img.pokemondb.net/sprites/omega-ruby-alpha-sapphire/dex/normal/deino.png
633,634,Zweilous,Dark,Dragon,https://img.pokemondb.net/sprites/omega-ruby-alpha-sapphire/dex/normal/zweilous.png
634,635,Hydreigon,Dark,Dragon,https://img.pokemondb.net/sprites/omega-ruby-alpha-sapphire/dex/normal/hydreigon.png
635,636,Larvesta,Bug,Fire,https://img.pokemondb.net/sprites/omega-ruby-alpha-sapphire/dex/normal/larvesta.png
636,637,Volcarona,Bug,Fire,https://img.pokemondb.net/sprites/omega-ruby-alpha-sapphire/dex/normal/volcarona.png
637,638,Cobalion,Steel,Fighting,https://img.pokemondb.net/sprites/omega-ruby-alpha-sapphire/dex/normal/cobalion.png
638,639,Terrakion,Rock,Fighting,https://img.pokemondb.net/sprites/omega-ruby-alpha-sapphire/dex/normal/terrakion.png
639,640,Virizion,Grass,Fighting,https://img.pokemondb.net/sprites/omega-ruby-alpha-sapphire/dex/normal/virizion.png
640,641,Tornadus,Flying,,https://img.pokemondb.net/sprites/omega-ruby-alpha-sapphire/dex/normal/tornadus-incarnate.png
641,642,Thundurus,Electric,Flying,https://img.pokemondb.net/sprites/omega-ruby-alpha-sapphire/dex/normal/thundurus-incarnate.png
642,643,Reshiram,Dragon,Fire,https://img.pokemondb.net/sprites/omega-ruby-alpha-sapphire/dex/normal/reshiram.png
643,644,Zekrom,Dragon,Electric,https://img.pokemondb.net/sprites/omega-ruby-alpha-sapphire/dex/normal/zekrom.png
644,645,Landorus,Ground,Flying,https://img.pokemondb.net/sprites/omega-ruby-alpha-sapphire/dex/normal/landorus-incarnate.png
645,646,Kyurem,Dragon,Ice,https://img.pokemondb.net/sprites/omega-ruby-alpha-sapphire/dex/normal/kyurem.png
646,647,Keldeo,Water,Fighting,https://img.pokemondb.net/sprites/omega-ruby-alpha-sapphire/dex/normal/keldeo-ordinary.png
647,648,Meloetta,Normal,Psychic,https://img.pokemondb.net/sprites/omega-ruby-alpha-sapphire/dex/normal/meloetta-aria.png
648,649,Genesect,Bug,Steel,https://img.pokemondb.net/sprites/omega-ruby-alpha-sapphire/dex/normal/genesect.png
649,650,Chespin,Grass,,https://img.pokemondb.net/sprites/omega-ruby-alpha-sapphire/dex/normal/chespin.png
650,651,Quilladin,Grass,,https://img.pokemondb.net/sprites/omega-ruby-alpha-sapphire/dex/normal/quilladin.png
651,652,Chesnaught,Grass,Fighting,https://img.pokemondb.net/sprites/omega-ruby-alpha-sapphire/dex/normal/chesnaught.png
652,653,Fennekin,Fire,,https://img.pokemondb.net/sprites/omega-ruby-alpha-sapphire/dex/normal/fennekin.png
653,654,Braixen,Fire,,https://img.pokemondb.net/sprites/omega-ruby-alpha-sapphire/dex/normal/braixen.png
654,655,Delphox,Fire,Psychic,https://img.pokemondb.net/sprites/omega-ruby-alpha-sapphire/dex/normal/delphox.png
655,656,Froakie,Water,,https://img.pokemondb.net/sprites/omega-ruby-alpha-sapphire/dex/normal/froakie.png
656,657,Frogadier,Water,,https://img.pokemondb.net/sprites/omega-ruby-alpha-sapphire/dex/normal/frogadier.png
657,658,Greninja,Water,Dark,https://img.pokemondb.net/sprites/omega-ruby-alpha-sapphire/dex/normal/greninja.png
658,659,Bunnelby,Normal,,https://img.pokemondb.net/sprites/omega-ruby-alpha-sapphire/dex/normal/bunnelby.png
659,660,Diggersby,Normal,Ground,https://img.pokemondb.net/sprites/omega-ruby-alpha-sapphire/dex/normal/diggersby.png
660,661,Fletchling,Normal,Flying,https://img.pokemondb.net/sprites/omega-ruby-alpha-sapphire/dex/normal/fletchling.png
661,662,Fletchinder,Fire,Flying,https://img.pokemondb.net/sprites/omega-ruby-alpha-sapphire/dex/normal/fletchinder.png
662,663,Talonflame,Fire,Flying,https://img.pokemondb.net/sprites/omega-ruby-alpha-sapphire/dex/normal/talonflame.png
663,664,Scatterbug,Bug,,https://img.pokemondb.net/sprites/omega-ruby-alpha-sapphire/dex/normal/scatterbug.png
664,665,Spewpa,Bug,,https://img.pokemondb.net/sprites/omega-ruby-alpha-sapphire/dex/normal/spewpa.png
665,666,Vivillon,Bug,Flying,https://img.pokemondb.net/sprites/omega-ruby-alpha-sapphire/dex/normal/vivillon.png
666,667,Litleo,Fire,Normal,https://img.pokemondb.net/sprites/omega-ruby-alpha-sapphire/dex/normal/litleo.png
667,668,Pyroar,Fire,Normal,https://img.pokemondb.net/sprites/omega-ruby-alpha-sapphire/dex/normal/pyroar.png
668,669,Flabébé,Fairy,,https://img.pokemondb.net/sprites/omega-ruby-alpha-sapphire/dex/normal/flabebe.png
669,670,Floette,Fairy,,https://img.pokemondb.net/sprites/omega-ruby-alpha-sapphire/dex/normal/floette.png
670,671,Florges,Fairy,,https://img.pokemondb.net/sprites/omega-ruby-alpha-sapphire/dex/normal/florges.png
671,672,Skiddo,Grass,,https://img.pokemondb.net/sprites/omega-ruby-alpha-sapphire/dex/normal/skiddo.png
672,673,Gogoat,Grass,,https://img.pokemondb.net/sprites/omega-ruby-alpha-sapphire/dex/normal/gogoat.png
673,674,Pancham,Fighting,,https://img.pokemondb.net/sprites/omega-ruby-alpha-sapphire/dex/normal/pancham.png
674,675,Pangoro,Fighting,Dark,https://img.pokemondb.net/sprites/omega-ruby-alpha-sapphire/dex/normal/pangoro.png
675,676,Furfrou,Normal,,https://img.pokemondb.net/sprites/omega-ruby-alpha-sapphire/dex/normal/furfrou.png
676,677,Espurr,Psychic,,https://img.pokemondb.net/sprites/omega-ruby-alpha-sapphire/dex/normal/espurr.png
677,678,Meowstic,Psychic,,https://img.pokemondb.net/sprites/omega-ruby-alpha-sapphire/dex/normal/meowstic-male.png
678,679,Honedge,Steel,Ghost,https://img.pokemondb.net/sprites/omega-ruby-alpha-sapphire/dex/normal/honedge.png
679,680,Doublade,Steel,Ghost,https://img.pokemondb.net/sprites/omega-ruby-alpha-sapphire/dex/normal/doublade.png
680,681,Aegislash,Steel,Ghost,https://img.pokemondb.net/sprites/omega-ruby-alpha-sapphire/dex/normal/aegislash-blade.png
681,682,Spritzee,Fairy,,https://img.pokemondb.net/sprites/omega-ruby-alpha-sapphire/dex/normal/spritzee.png
682,683,Aromatisse,Fairy,,https://img.pokemondb.net/sprites/omega-ruby-alpha-sapphire/dex/normal/aromatisse.png
683,684,Swirlix,Fairy,,https://img.pokemondb.net/sprites/omega-ruby-alpha-sapphire/dex/normal/swirlix.png
684,685,Slurpuff,Fairy,,https://img.pokemondb.net/sprites/omega-ruby-alpha-sapphire/dex/normal/slurpuff.png
685,686,Inkay,Dark,Psychic,https://img.pokemondb.net/sprites/omega-ruby-alpha-sapphire/dex/normal/inkay.png
686,687,Malamar,Dark,Psychic,https://img.pokemondb.net/sprites/omega-ruby-alpha-sapphire/dex/normal/malamar.png
687,688,Binacle,Rock,Water,https://img.pokemondb.net/sprites/omega-ruby-alpha-sapphire/dex/normal/binacle.png
688,689,Barbaracle,Rock,Water,https://img.pokemondb.net/sprites/omega-ruby-alpha-sapphire/dex/normal/barbaracle.png
689,690,Skrelp,Poison,Water,https://img.pokemondb.net/sprites/omega-ruby-alpha-sapphire/dex/normal/skrelp.png
690,691,Dragalge,Poison,Dragon,https://img.pokemondb.net/sprites/omega-ruby-alpha-sapphire/dex/normal/dragalge.png
691,692,Clauncher,Water,,https://img.pokemondb.net/sprites/omega-ruby-alpha-sapphire/dex/normal/clauncher.png
692,693,Clawitzer,Water,,https://img.pokemondb.net/sprites/omega-ruby-alpha-sapphire/dex/normal/clawitzer.png
693,694,Helioptile,Electric,Normal,https://img.pokemondb.net/sprites/omega-ruby-alpha-sapphire/dex/normal/helioptile.png
694,695,Heliolisk,Electric,Normal,https://img.pokemondb.net/sprites/omega-ruby-alpha-sapphire/dex/normal/heliolisk.png
695,696,Tyrunt,Rock,Dragon,https://img.pokemondb.net/sprites/omega-ruby-alpha-sapphire/dex/normal/tyrunt.png
696,697,Tyrantrum,Rock,Dragon,https://img.pokemondb.net/sprites/omega-ruby-alpha-sapphire/dex/normal/tyrantrum.png
697,698,Amaura,Rock,Ice,https://img.pokemondb.net/sprites/omega-ruby-alpha-sapphire/dex/normal/amaura.png
698,699,Aurorus,Rock,Ice,https://img.pokemondb.net/sprites/omega-ruby-alpha-sapphire/dex/normal/aurorus.png
699,700,Sylveon,Fairy,,https://img.pokemondb.net/sprites/omega-ruby-alpha-sapphire/dex/normal/sylveon.png
700,701,Hawlucha,Fighting,Flying,https://img.pokemondb.net/sprites/omega-ruby-alpha-sapphire/dex/normal/hawlucha.png
701,702,Dedenne,Electric,Fairy,https://img.pokemondb.net/sprites/omega-ruby-alpha-sapphire/dex/normal/dedenne.png
702,703,Carbink,Rock,Fairy,https://img.pokemondb.net/sprites/omega-ruby-alpha-sapphire/dex/normal/carbink.png
703,704,Goomy,Dragon,,https://img.pokemondb.net/sprites/omega-ruby-alpha-sapphire/dex/normal/goomy.png
704,705,Sliggoo,Dragon,,https://img.pokemondb.net/sprites/omega-ruby-alpha-sapphire/dex/normal/sliggoo.png
705,706,Goodra,Dragon,,https://img.pokemondb.net/sprites/omega-ruby-alpha-sapphire/dex/normal/goodra.png
706,707,Klefki,Steel,Fairy,https://img.pokemondb.net/sprites/omega-ruby-alpha-sapphire/dex/normal/klefki.png
707,708,Phantump,Ghost,Grass,https://img.pokemondb.net/sprites/omega-ruby-alpha-sapphire/dex/normal/phantump.png
708,709,Trevenant,Ghost,Grass,https://img.pokemondb.net/sprites/omega-ruby-alpha-sapphire/dex/normal/trevenant.png
709,710,Pumpkaboo,Ghost,Grass,https://img.pokemondb.net/sprites/omega-ruby-alpha-sapphire/dex/normal/pumpkaboo-average.png
710,711,Gourgeist,Ghost,Grass,https://img.pokemondb.net/sprites/omega-ruby-alpha-sapphire/dex/normal/gourgeist-average.png
711,712,Bergmite,Ice,,https://img.pokemondb.net/sprites/omega-ruby-alpha-sapphire/dex/normal/bergmite.png
712,713,Avalugg,Ice,,https://img.pokemondb.net/sprites/omega-ruby-alpha-sapphire/dex/normal/avalugg.png
713,714,Noibat,Flying,Dragon,https://img.pokemondb.net/sprites/omega-ruby-alpha-sapphire/dex/normal/noibat.png
714,715,Noivern,Flying,Dragon,https://img.pokemondb.net/sprites/omega-ruby-alpha-sapphire/dex/normal/noivern.png
715,716,Xerneas,Fairy,,https://img.pokemondb.net/sprites/omega-ruby-alpha-sapphire/dex/normal/xerneas.png
716,717,Yveltal,Dark,Flying,https://img.pokemondb.net/sprites/omega-ruby-alpha-sapphire/dex/normal/yveltal.png
717,718,Zygarde,Dragon,Ground,https://img.pokemondb.net/sprites/omega-ruby-alpha-sapphire/dex/normal/zygarde-50.png
718,719,Diancie,Rock,Fairy,https://img.pokemondb.net/sprites/omega-ruby-alpha-sapphire/dex/normal/diancie.png
719,720,Hoopa,Psychic,Ghost,https://img.pokemondb.net/sprites/omega-ruby-alpha-sapphire/dex/normal/hoopa-confined.png
720,721,Volcanion,Fire,Water,https://img.pokemondb.net/sprites/omega-ruby-alpha-sapphire/dex/normal/volcanion.png
721,722,Rowlet,Grass,Flying,https://img.pokemondb.net/sprites/ultra-sun-ultra-moon/small/rowlet.jpg
722,723,Dartrix,Grass,Flying,https://img.pokemondb.net/sprites/ultra-sun-ultra-moon/small/dartrix.jpg
723,724,Decidueye,Grass,Ghost,https://img.pokemondb.net/sprites/ultra-sun-ultra-moon/small/decidueye.jpg
724,725,Litten,Fire,,https://img.pokemondb.net/sprites/ultra-sun-ultra-moon/small/litten.jpg
725,726,Torracat,Fire,,https://img.pokemondb.net/sprites/ultra-sun-ultra-moon/small/torracat.jpg
726,727,Incineroar,Fire,Dark,https://img.pokemondb.net/sprites/ultra-sun-ultra-moon/small/incineroar.jpg
727,728,Popplio,Water,,https://img.pokemondb.net/sprites/ultra-sun-ultra-moon/small/popplio.jpg
728,729,Brionne,Water,,https://img.pokemondb.net/sprites/ultra-sun-ultra-moon/small/brionne.jpg
729,730,Primarina,Water,Fairy,https://img.pokemondb.net/sprites/ultra-sun-ultra-moon/small/primarina.jpg
730,731,Pikipek,Normal,Flying,https://img.pokemondb.net/sprites/ultra-sun-ultra-moon/small/pikipek.jpg
731,732,Trumbeak,Normal,Flying,https://img.pokemondb.net/sprites/ultra-sun-ultra-moon/small/trumbeak.jpg
732,733,Toucannon,Normal,Flying,https://img.pokemondb.net/sprites/ultra-sun-ultra-moon/small/toucannon.jpg
733,734,Yungoos,Normal,,https://img.pokemondb.net/sprites/ultra-sun-ultra-moon/small/yungoos.jpg
734,735,Gumshoos,Normal,,https://img.pokemondb.net/sprites/ultra-sun-ultra-moon/small/gumshoos.jpg
735,736,Grubbin,Bug,,https://img.pokemondb.net/sprites/ultra-sun-ultra-moon/small/grubbin.jpg
736,737,Charjabug,Bug,Electric,https://img.pokemondb.net/sprites/ultra-sun-ultra-moon/small/charjabug.jpg
737,738,Vikavolt,Bug,Electric,https://img.pokemondb.net/sprites/ultra-sun-ultra-moon/small/vikavolt.jpg
738,739,Crabrawler,Fighting,,https://img.pokemondb.net/sprites/ultra-sun-ultra-moon/small/crabrawler.jpg
739,740,Crabominable,Fighting,Ice,https://img.pokemondb.net/sprites/ultra-sun-ultra-moon/small/crabominable.jpg
740,741,Oricorio,Fire,Flying,https://img.pokemondb.net/sprites/ultra-sun-ultra-moon/small/oricorio-baile.jpg
741,742,Cutiefly,Bug,Fairy,https://img.pokemondb.net/sprites/ultra-sun-ultra-moon/small/cutiefly.jpg
742,743,Ribombee,Bug,Fairy,https://img.pokemondb.net/sprites/ultra-sun-ultra-moon/small/ribombee.jpg
743,744,Rockruff,Rock,,https://img.pokemondb.net/sprites/ultra-sun-ultra-moon/small/rockruff.jpg
744,745,Lycanroc,Rock,,https://img.pokemondb.net/sprites/ultra-sun-ultra-moon/small/lycanroc-midday.jpg
745,746,Wishiwashi,Water,,https://img.pokemondb.net/sprites/ultra-sun-ultra-moon/small/wishiwashi-solo.jpg
746,747,Mareanie,Poison,Water,https://img.pokemondb.net/sprites/ultra-sun-ultra-moon/small/mareanie.jpg
747,748,Toxapex,Poison,Water,https://img.pokemondb.net/sprites/ultra-sun-ultra-moon/small/toxapex.jpg
748,749,Mudbray,Ground,,https://img.pokemondb.net/sprites/ultra-sun-ultra-moon/small/mudbray.jpg
749,750,Mudsdale,Ground,,https://img.pokemondb.net/sprites/ultra-sun-ultra-moon/small/mudsdale.jpg
750,751,Dewpider,Water,Bug,https://img.pokemondb.net/sprites/ultra-sun-ultra-moon/small/dewpider.jpg
751,752,Araquanid,Water,Bug,https://img.pokemondb.net/sprites/ultra-sun-ultra-moon/small/araquanid.jpg
752,753,Fomantis,Grass,,https://img.pokemondb.net/sprites/ultra-sun-ultra-moon/small/fomantis.jpg
753,754,Lurantis,Grass,,https://img.pokemondb.net/sprites/ultra-sun-ultra-moon/small/lurantis.jpg
754,755,Morelull,Grass,Fairy,https://img.pokemondb.net/sprites/ultra-sun-ultra-moon/small/morelull.jpg
755,756,Shiinotic,Grass,Fairy,https://img.pokemondb.net/sprites/ultra-sun-ultra-moon/small/shiinotic.jpg
756,757,Salandit,Poison,Fire,https://img.pokemondb.net/sprites/ultra-sun-ultra-moon/small/salandit.jpg
757,758,Salazzle,Poison,Fire,https://img.pokemondb.net/sprites/ultra-sun-ultra-moon/small/salazzle.jpg
758,759,Stufful,Normal,Fighting,https://img.pokemondb.net/sprites/ultra-sun-ultra-moon/small/stufful.jpg
759,760,Bewear,Normal,Fighting,https://img.pokemondb.net/sprites/ultra-sun-ultra-moon/small/bewear.jpg
760,761,Bounsweet,Grass,,https://img.pokemondb.net/sprites/ultra-sun-ultra-moon/small/bounsweet.jpg
761,762,Steenee,Grass,,https://img.pokemondb.net/sprites/ultra-sun-ultra-moon/small/steenee.jpg
762,763,Tsareena,Grass,,https://img.pokemondb.net/sprites/ultra-sun-ultra-moon/small/tsareena.jpg
763,764,Comfey,Fairy,,https://img.pokemondb.net/sprites/ultra-sun-ultra-moon/small/comfey.jpg
764,765,Oranguru,Normal,Psychic,https://img.pokemondb.net/sprites/ultra-sun-ultra-moon/small/oranguru.jpg
765,766,Passimian,Fighting,,https://img.pokemondb.net/sprites/ultra-sun-ultra-moon/small/passimian.jpg
766,767,Wimpod,Bug,Water,https://img.pokemondb.net/sprites/ultra-sun-ultra-moon/small/wimpod.jpg
767,768,Golisopod,Bug,Water,https://img.pokemondb.net/sprites/ultra-sun-ultra-moon/small/golisopod.jpg
768,769,Sandygast,Ghost,Ground,https://img.pokemondb.net/sprites/ultra-sun-ultra-moon/small/sandygast.jpg
769,770,Palossand,Ghost,Ground,https://img.pokemondb.net/sprites/ultra-sun-ultra-moon/small/palossand.jpg
770,771,Pyukumuku,Water,,https://img.pokemondb.net/sprites/ultra-sun-ultra-moon/small/pyukumuku.jpg
771,772,Type: Null,Normal,,https://img.pokemondb.net/sprites/ultra-sun-ultra-moon/small/type-null.jpg
772,773,Silvally,Normal,,https://img.pokemondb.net/sprites/ultra-sun-ultra-moon/small/silvally.jpg
773,774,Minior,Rock,Flying,https://img.pokemondb.net/sprites/ultra-sun-ultra-moon/small/minior-meteor.jpg
774,775,Komala,Normal,,https://img.pokemondb.net/sprites/ultra-sun-ultra-moon/small/komala.jpg
775,776,Turtonator,Fire,Dragon,https://img.pokemondb.net/sprites/ultra-sun-ultra-moon/small/turtonator.jpg
776,777,Togedemaru,Electric,Steel,https://img.pokemondb.net/sprites/ultra-sun-ultra-moon/small/togedemaru.jpg
777,778,Mimikyu,Ghost,Fairy,https://img.pokemondb.net/sprites/ultra-sun-ultra-moon/small/mimikyu.jpg
778,779,Bruxish,Water,Psychic,https://img.pokemondb.net/sprites/ultra-sun-ultra-moon/small/bruxish.jpg
779,780,Drampa,Normal,Dragon,https://img.pokemondb.net/sprites/ultra-sun-ultra-moon/small/drampa.jpg
780,781,Dhelmise,Ghost,Grass,https://img.pokemondb.net/sprites/ultra-sun-ultra-moon/small/dhelmise.jpg
781,782,Jangmo-o,Dragon,,https://img.pokemondb.net/sprites/ultra-sun-ultra-moon/small/jangmo-o.jpg
782,783,Hakamo-o,Dragon,Fighting,https://img.pokemondb.net/sprites/ultra-sun-ultra-moon/small/hakamo-o.jpg
783,784,Kommo-o,Dragon,Fighting,https://img.pokemondb.net/sprites/ultra-sun-ultra-moon/small/kommo-o.jpg
784,785,Tapu Koko,Electric,Fairy,https://img.pokemondb.net/sprites/ultra-sun-ultra-moon/small/tapu-koko.jpg
785,786,Tapu Lele,Psychic,Fairy,https://img.pokemondb.net/sprites/ultra-sun-ultra-moon/small/tapu-lele.jpg
786,787,Tapu Bulu,Grass,Fairy,https://img.pokemondb.net/sprites/ultra-sun-ultra-moon/small/tapu-bulu.jpg
787,788,Tapu Fini,Water,Fairy,https://img.pokemondb.net/sprites/ultra-sun-ultra-moon/small/tapu-fini.jpg
788,789,Cosmog,Psychic,,https://img.pokemondb.net/sprites/ultra-sun-ultra-moon/small/cosmog.jpg
789,790,Cosmoem,Psychic,,https://img.pokemondb.net/sprites/ultra-sun-ultra-moon/small/cosmoem.jpg
790,791,Solgaleo,Psychic,Steel,https://img.pokemondb.net/sprites/ultra-sun-ultra-moon/small/solgaleo.jpg
791,792,Lunala,Psychic,Ghost,https://img.pokemondb.net/sprites/ultra-sun-ultra-moon/small/lunala.jpg
792,793,Nihilego,Rock,Poison,https://img.pokemondb.net/sprites/ultra-sun-ultra-moon/small/nihilego.jpg
793,794,Buzzwole,Bug,Fighting,https://img.pokemondb.net/sprites/ultra-sun-ultra-moon/small/buzzwole.jpg
794,795,Pheromosa,Bug,Fighting,https://img.pokemondb.net/sprites/ultra-sun-ultra-moon/small/pheromosa.jpg
795,796,Xurkitree,Electric,,https://img.pokemondb.net/sprites/ultra-sun-ultra-moon/small/xurkitree.jpg
796,797,Celesteela,Steel,Flying,https://img.pokemondb.net/sprites/ultra-sun-ultra-moon/small/celesteela.jpg
797,798,Kartana,Grass,Steel,https://img.pokemondb.net/sprites/ultra-sun-ultra-moon/small/kartana.jpg
798,799,Guzzlord,Dark,Dragon,https://img.pokemondb.net/sprites/ultra-sun-ultra-moon/small/guzzlord.jpg
799,800,Necrozma,Psychic,,https://img.pokemondb.net/sprites/ultra-sun-ultra-moon/small/necrozma.jpg
800,801,Magearna,Steel,Fairy,https://img.pokemondb.net/sprites/ultra-sun-ultra-moon/small/magearna.jpg
801,802,Marshadow,Fighting,Ghost,https://img.pokemondb.net/sprites/ultra-sun-ultra-moon/small/marshadow.jpg
802,803,Poipole,Poison,,https://img.pokemondb.net/sprites/ultra-sun-ultra-moon/small/poipole.jpg
803,804,Naganadel,Poison,Dragon,https://img.pokemondb.net/sprites/ultra-sun-ultra-moon/small/naganadel.jpg
804,805,Stakataka,Rock,Steel,https://img.pokemondb.net/sprites/ultra-sun-ultra-moon/small/stakataka.jpg
805,806,Blacephalon,Fire,Ghost,https://img.pokemondb.net/sprites/ultra-sun-ultra-moon/small/blacephalon.jpg
806,807,Zeraora,Electric,,https://img.pokemondb.net/sprites/ultra-sun-ultra-moon/small/zeraora.jpg
807,808,Meltan,Steel,,https://img.pokemondb.net/sprites/ultra-sun-ultra-moon/small/meltan.jpg
808,809,Melmetal,Steel,,https://img.pokemondb.net/sprites/ultra-sun-ultra-moon/small/melmetal.jpg
